P,urn:nasa:pds:gbo.ast.mithneos.spectra_2000-2021:data:binzel2019_100926_20101014_csv::1.0
P,urn:nasa:pds:gbo.ast.mithneos.spectra_2000-2021:data:binzel2019_10115_20061024_csv::1.0
P,urn:nasa:pds:gbo.ast.mithneos.spectra_2000-2021:data:binzel2019_1011_20020112_csv::1.0
P,urn:nasa:pds:gbo.ast.mithneos.spectra_2000-2021:data:binzel2019_10145_20111230_csv::1.0
P,urn:nasa:pds:gbo.ast.mithneos.spectra_2000-2021:data:binzel2019_101955_20050904_csv::1.0
P,urn:nasa:pds:gbo.ast.mithneos.spectra_2000-2021:data:binzel2019_102528_20081002_csv::1.0
P,urn:nasa:pds:gbo.ast.mithneos.spectra_2000-2021:data:binzel2019_1036_20111201_csv::1.0
P,urn:nasa:pds:gbo.ast.mithneos.spectra_2000-2021:data:binzel2019_108519_20030705_csv::1.0
P,urn:nasa:pds:gbo.ast.mithneos.spectra_2000-2021:data:binzel2019_11066_20100222_csv::1.0
P,urn:nasa:pds:gbo.ast.mithneos.spectra_2000-2021:data:binzel2019_1131_20040219_csv::1.0
P,urn:nasa:pds:gbo.ast.mithneos.spectra_2000-2021:data:binzel2019_11398_20080310_csv::1.0
P,urn:nasa:pds:gbo.ast.mithneos.spectra_2000-2021:data:binzel2019_1139_20050905_csv::1.0
P,urn:nasa:pds:gbo.ast.mithneos.spectra_2000-2021:data:binzel2019_1198_20021028_csv::1.0
P,urn:nasa:pds:gbo.ast.mithneos.spectra_2000-2021:data:binzel2019_1204_20050310_csv::1.0
P,urn:nasa:pds:gbo.ast.mithneos.spectra_2000-2021:data:binzel2019_12711_20090901_csv::1.0
P,urn:nasa:pds:gbo.ast.mithneos.spectra_2000-2021:data:binzel2019_1310_20060501_csv::1.0
P,urn:nasa:pds:gbo.ast.mithneos.spectra_2000-2021:data:binzel2019_132_20050905_csv::1.0
P,urn:nasa:pds:gbo.ast.mithneos.spectra_2000-2021:data:binzel2019_13553_20050904_csv::1.0
P,urn:nasa:pds:gbo.ast.mithneos.spectra_2000-2021:data:binzel2019_136923_20110925_csv::1.0
P,urn:nasa:pds:gbo.ast.mithneos.spectra_2000-2021:data:binzel2019_136993_20051008_csv::1.0
P,urn:nasa:pds:gbo.ast.mithneos.spectra_2000-2021:data:binzel2019_137032_20081002_csv::1.0
P,urn:nasa:pds:gbo.ast.mithneos.spectra_2000-2021:data:binzel2019_137062_20021027_csv::1.0
P,urn:nasa:pds:gbo.ast.mithneos.spectra_2000-2021:data:binzel2019_137126_20130907_csv::1.0
P,urn:nasa:pds:gbo.ast.mithneos.spectra_2000-2021:data:binzel2019_137170_20050411_csv::1.0
P,urn:nasa:pds:gbo.ast.mithneos.spectra_2000-2021:data:binzel2019_137199_20130512_csv::1.0
P,urn:nasa:pds:gbo.ast.mithneos.spectra_2000-2021:data:binzel2019_1374_20040220_csv::1.0
P,urn:nasa:pds:gbo.ast.mithneos.spectra_2000-2021:data:binzel2019_137799_20111024_csv::1.0
P,urn:nasa:pds:gbo.ast.mithneos.spectra_2000-2021:data:binzel2019_138258_20020315_csv::1.0
P,urn:nasa:pds:gbo.ast.mithneos.spectra_2000-2021:data:binzel2019_138404_20100906_csv::1.0
P,urn:nasa:pds:gbo.ast.mithneos.spectra_2000-2021:data:binzel2019_138524_20110925_csv::1.0
P,urn:nasa:pds:gbo.ast.mithneos.spectra_2000-2021:data:binzel2019_138852_20141201_csv::1.0
P,urn:nasa:pds:gbo.ast.mithneos.spectra_2000-2021:data:binzel2019_139622_20070121_csv::1.0
P,urn:nasa:pds:gbo.ast.mithneos.spectra_2000-2021:data:binzel2019_141018_20120320_csv::1.0
P,urn:nasa:pds:gbo.ast.mithneos.spectra_2000-2021:data:binzel2019_141052_20090127_csv::1.0
P,urn:nasa:pds:gbo.ast.mithneos.spectra_2000-2021:data:binzel2019_142040_20020915_csv::1.0
P,urn:nasa:pds:gbo.ast.mithneos.spectra_2000-2021:data:binzel2019_143624_20140901_csv::1.0
P,urn:nasa:pds:gbo.ast.mithneos.spectra_2000-2021:data:binzel2019_143651_20090330_csv::1.0
P,urn:nasa:pds:gbo.ast.mithneos.spectra_2000-2021:data:binzel2019_14402_20090302_csv::1.0
P,urn:nasa:pds:gbo.ast.mithneos.spectra_2000-2021:data:binzel2019_144411_20040922_csv::1.0
P,urn:nasa:pds:gbo.ast.mithneos.spectra_2000-2021:data:binzel2019_145656_20070720_csv::1.0
P,urn:nasa:pds:gbo.ast.mithneos.spectra_2000-2021:data:binzel2019_1468_20030930_csv::1.0
P,urn:nasa:pds:gbo.ast.mithneos.spectra_2000-2021:data:binzel2019_1508_20040219_csv::1.0
P,urn:nasa:pds:gbo.ast.mithneos.spectra_2000-2021:data:binzel2019_152931_20100316_csv::1.0
P,urn:nasa:pds:gbo.ast.mithneos.spectra_2000-2021:data:binzel2019_153591_20080310_csv::1.0
P,urn:nasa:pds:gbo.ast.mithneos.spectra_2000-2021:data:binzel2019_153814_20101012_csv::1.0
P,urn:nasa:pds:gbo.ast.mithneos.spectra_2000-2021:data:binzel2019_154029_20100906_csv::1.0
P,urn:nasa:pds:gbo.ast.mithneos.spectra_2000-2021:data:binzel2019_154276_20021027_csv::1.0
P,urn:nasa:pds:gbo.ast.mithneos.spectra_2000-2021:data:binzel2019_154302_20111031_csv::1.0
P,urn:nasa:pds:gbo.ast.mithneos.spectra_2000-2021:data:binzel2019_154347_20121219_csv::1.0
P,urn:nasa:pds:gbo.ast.mithneos.spectra_2000-2021:data:binzel2019_155334_20120914_csv::1.0
P,urn:nasa:pds:gbo.ast.mithneos.spectra_2000-2021:data:binzel2019_1565_20050303_csv::1.0
P,urn:nasa:pds:gbo.ast.mithneos.spectra_2000-2021:data:binzel2019_1566_20050610_csv::1.0
P,urn:nasa:pds:gbo.ast.mithneos.spectra_2000-2021:data:binzel2019_15745_20090807_csv::1.0
P,urn:nasa:pds:gbo.ast.mithneos.spectra_2000-2021:data:binzel2019_1580_20020601_csv::1.0
P,urn:nasa:pds:gbo.ast.mithneos.spectra_2000-2021:data:binzel2019_159402_20090920_csv::1.0
P,urn:nasa:pds:gbo.ast.mithneos.spectra_2000-2021:data:binzel2019_161998_20100711_csv::1.0
P,urn:nasa:pds:gbo.ast.mithneos.spectra_2000-2021:data:binzel2019_162058_20031016_csv::1.0
P,urn:nasa:pds:gbo.ast.mithneos.spectra_2000-2021:data:binzel2019_1620_20010129_csv::1.0
P,urn:nasa:pds:gbo.ast.mithneos.spectra_2000-2021:data:binzel2019_162186_20021227_csv::1.0
P,urn:nasa:pds:gbo.ast.mithneos.spectra_2000-2021:data:binzel2019_162781_20010129_csv::1.0
P,urn:nasa:pds:gbo.ast.mithneos.spectra_2000-2021:data:binzel2019_1627_20081002_csv::1.0
P,urn:nasa:pds:gbo.ast.mithneos.spectra_2000-2021:data:binzel2019_162911_20121114_csv::1.0
P,urn:nasa:pds:gbo.ast.mithneos.spectra_2000-2021:data:binzel2019_163000_20080902_csv::1.0
P,urn:nasa:pds:gbo.ast.mithneos.spectra_2000-2021:data:binzel2019_163081_20111024_csv::1.0
P,urn:nasa:pds:gbo.ast.mithneos.spectra_2000-2021:data:binzel2019_163249_20130612_csv::1.0
P,urn:nasa:pds:gbo.ast.mithneos.spectra_2000-2021:data:binzel2019_163364_20130612_csv::1.0
P,urn:nasa:pds:gbo.ast.mithneos.spectra_2000-2021:data:binzel2019_163697_20090824_csv::1.0
P,urn:nasa:pds:gbo.ast.mithneos.spectra_2000-2021:data:binzel2019_1640_20050308_csv::1.0
P,urn:nasa:pds:gbo.ast.mithneos.spectra_2000-2021:data:binzel2019_164202_20050303_csv::1.0
P,urn:nasa:pds:gbo.ast.mithneos.spectra_2000-2021:data:binzel2019_16834_20090920_csv::1.0
P,urn:nasa:pds:gbo.ast.mithneos.spectra_2000-2021:data:binzel2019_1685_20050309_csv::1.0
P,urn:nasa:pds:gbo.ast.mithneos.spectra_2000-2021:data:binzel2019_16960_20081002_csv::1.0
P,urn:nasa:pds:gbo.ast.mithneos.spectra_2000-2021:data:binzel2019_170502_20111201_csv::1.0
P,urn:nasa:pds:gbo.ast.mithneos.spectra_2000-2021:data:binzel2019_17274_20090824_csv::1.0
P,urn:nasa:pds:gbo.ast.mithneos.spectra_2000-2021:data:binzel2019_17511_20131031_csv::1.0
P,urn:nasa:pds:gbo.ast.mithneos.spectra_2000-2021:data:binzel2019_175706_20090330_csv::1.0
P,urn:nasa:pds:gbo.ast.mithneos.spectra_2000-2021:data:binzel2019_1862_20051122_csv::1.0
P,urn:nasa:pds:gbo.ast.mithneos.spectra_2000-2021:data:binzel2019_1864_20010329_csv::1.0
P,urn:nasa:pds:gbo.ast.mithneos.spectra_2000-2021:data:binzel2019_1865_20081031_csv::1.0
P,urn:nasa:pds:gbo.ast.mithneos.spectra_2000-2021:data:binzel2019_1866_20061121_csv::1.0
P,urn:nasa:pds:gbo.ast.mithneos.spectra_2000-2021:data:binzel2019_18736_20010130_csv::1.0
P,urn:nasa:pds:gbo.ast.mithneos.spectra_2000-2021:data:binzel2019_18882_20101227_csv::1.0
P,urn:nasa:pds:gbo.ast.mithneos.spectra_2000-2021:data:binzel2019_189552_20041016_csv::1.0
P,urn:nasa:pds:gbo.ast.mithneos.spectra_2000-2021:data:binzel2019_19127_20031001_csv::1.0
P,urn:nasa:pds:gbo.ast.mithneos.spectra_2000-2021:data:binzel2019_1916_20010814_csv::1.0
P,urn:nasa:pds:gbo.ast.mithneos.spectra_2000-2021:data:binzel2019_1917_20080707_csv::1.0
P,urn:nasa:pds:gbo.ast.mithneos.spectra_2000-2021:data:binzel2019_192563_20121219_csv::1.0
P,urn:nasa:pds:gbo.ast.mithneos.spectra_2000-2021:data:binzel2019_19356_20010130_csv::1.0
P,urn:nasa:pds:gbo.ast.mithneos.spectra_2000-2021:data:binzel2019_1943_20020112_csv::1.0
P,urn:nasa:pds:gbo.ast.mithneos.spectra_2000-2021:data:binzel2019_1951_20080707_csv::1.0
P,urn:nasa:pds:gbo.ast.mithneos.spectra_2000-2021:data:binzel2019_19764_20100906_csv::1.0
P,urn:nasa:pds:gbo.ast.mithneos.spectra_2000-2021:data:binzel2019_1980_20061025_csv::1.0
P,urn:nasa:pds:gbo.ast.mithneos.spectra_2000-2021:data:binzel2019_1981_20131031_csv::1.0
P,urn:nasa:pds:gbo.ast.mithneos.spectra_2000-2021:data:binzel2019_2000wl63_20121219_csv::1.0
P,urn:nasa:pds:gbo.ast.mithneos.spectra_2000-2021:data:binzel2019_2002av_20020113_csv::1.0
P,urn:nasa:pds:gbo.ast.mithneos.spectra_2000-2021:data:binzel2019_2002ny40_20020817_csv::1.0
P,urn:nasa:pds:gbo.ast.mithneos.spectra_2000-2021:data:binzel2019_2004qd3_20050303_csv::1.0
P,urn:nasa:pds:gbo.ast.mithneos.spectra_2000-2021:data:binzel2019_2007ru17_20101014_csv::1.0
P,urn:nasa:pds:gbo.ast.mithneos.spectra_2000-2021:data:binzel2019_200840_20020414_csv::1.0
P,urn:nasa:pds:gbo.ast.mithneos.spectra_2000-2021:data:binzel2019_2008qs11_20081002_csv::1.0
P,urn:nasa:pds:gbo.ast.mithneos.spectra_2000-2021:data:binzel2019_2063_20050519_csv::1.0
P,urn:nasa:pds:gbo.ast.mithneos.spectra_2000-2021:data:binzel2019_2064_20060629_csv::1.0
P,urn:nasa:pds:gbo.ast.mithneos.spectra_2000-2021:data:binzel2019_2074_20030930_csv::1.0
P,urn:nasa:pds:gbo.ast.mithneos.spectra_2000-2021:data:binzel2019_2078_20100712_csv::1.0
P,urn:nasa:pds:gbo.ast.mithneos.spectra_2000-2021:data:binzel2019_20790_20010129_csv::1.0
P,urn:nasa:pds:gbo.ast.mithneos.spectra_2000-2021:data:binzel2019_2099_20051008_csv::1.0
P,urn:nasa:pds:gbo.ast.mithneos.spectra_2000-2021:data:binzel2019_2102_20110704_csv::1.0
P,urn:nasa:pds:gbo.ast.mithneos.spectra_2000-2021:data:binzel2019_21088_20010130_csv::1.0
P,urn:nasa:pds:gbo.ast.mithneos.spectra_2000-2021:data:binzel2019_214869_20121013_csv::1.0
P,urn:nasa:pds:gbo.ast.mithneos.spectra_2000-2021:data:binzel2019_217796_20091025_csv::1.0
P,urn:nasa:pds:gbo.ast.mithneos.spectra_2000-2021:data:binzel2019_217807_20091025_csv::1.0
P,urn:nasa:pds:gbo.ast.mithneos.spectra_2000-2021:data:binzel2019_219071_20111031_csv::1.0
P,urn:nasa:pds:gbo.ast.mithneos.spectra_2000-2021:data:binzel2019_2212_20061222_csv::1.0
P,urn:nasa:pds:gbo.ast.mithneos.spectra_2000-2021:data:binzel2019_22753_20050303_csv::1.0
P,urn:nasa:pds:gbo.ast.mithneos.spectra_2000-2021:data:binzel2019_22771_20031016_csv::1.0
P,urn:nasa:pds:gbo.ast.mithneos.spectra_2000-2021:data:binzel2019_2335_20051008_csv::1.0
P,urn:nasa:pds:gbo.ast.mithneos.spectra_2000-2021:data:binzel2019_2340_20141022_csv::1.0
P,urn:nasa:pds:gbo.ast.mithneos.spectra_2000-2021:data:binzel2019_236716_20070720_csv::1.0
P,urn:nasa:pds:gbo.ast.mithneos.spectra_2000-2021:data:binzel2019_241662_20100712_csv::1.0
P,urn:nasa:pds:gbo.ast.mithneos.spectra_2000-2021:data:binzel2019_24445_20031001_csv::1.0
P,urn:nasa:pds:gbo.ast.mithneos.spectra_2000-2021:data:binzel2019_24475_20111227_csv::1.0
P,urn:nasa:pds:gbo.ast.mithneos.spectra_2000-2021:data:binzel2019_2449_20100907_csv::1.0
P,urn:nasa:pds:gbo.ast.mithneos.spectra_2000-2021:data:binzel2019_24761_20100117_csv::1.0
P,urn:nasa:pds:gbo.ast.mithneos.spectra_2000-2021:data:binzel2019_25143_20010219_csv::1.0
P,urn:nasa:pds:gbo.ast.mithneos.spectra_2000-2021:data:binzel2019_25330_20021027_csv::1.0
P,urn:nasa:pds:gbo.ast.mithneos.spectra_2000-2021:data:binzel2019_253841_20110206_csv::1.0
P,urn:nasa:pds:gbo.ast.mithneos.spectra_2000-2021:data:binzel2019_25916_20100907_csv::1.0
P,urn:nasa:pds:gbo.ast.mithneos.spectra_2000-2021:data:binzel2019_267494_20110607_csv::1.0
P,urn:nasa:pds:gbo.ast.mithneos.spectra_2000-2021:data:binzel2019_26760_20010621_csv::1.0
P,urn:nasa:pds:gbo.ast.mithneos.spectra_2000-2021:data:binzel2019_283460_20110925_csv::1.0
P,urn:nasa:pds:gbo.ast.mithneos.spectra_2000-2021:data:binzel2019_285263_20130612_csv::1.0
P,urn:nasa:pds:gbo.ast.mithneos.spectra_2000-2021:data:binzel2019_29075_20010129_csv::1.0
P,urn:nasa:pds:gbo.ast.mithneos.spectra_2000-2021:data:binzel2019_297418_20111023_csv::1.0
P,urn:nasa:pds:gbo.ast.mithneos.spectra_2000-2021:data:binzel2019_301964_20110925_csv::1.0
P,urn:nasa:pds:gbo.ast.mithneos.spectra_2000-2021:data:binzel2019_302311_20020113_csv::1.0
P,urn:nasa:pds:gbo.ast.mithneos.spectra_2000-2021:data:binzel2019_303174_20040922_csv::1.0
P,urn:nasa:pds:gbo.ast.mithneos.spectra_2000-2021:data:binzel2019_30825_20050303_csv::1.0
P,urn:nasa:pds:gbo.ast.mithneos.spectra_2000-2021:data:binzel2019_308635_20100416_csv::1.0
P,urn:nasa:pds:gbo.ast.mithneos.spectra_2000-2021:data:binzel2019_3102_20001009_csv::1.0
P,urn:nasa:pds:gbo.ast.mithneos.spectra_2000-2021:data:binzel2019_3103_20010621_csv::1.0
P,urn:nasa:pds:gbo.ast.mithneos.spectra_2000-2021:data:binzel2019_310442_20080116_csv::1.0
P,urn:nasa:pds:gbo.ast.mithneos.spectra_2000-2021:data:binzel2019_3122_20040126_csv::1.0
P,urn:nasa:pds:gbo.ast.mithneos.spectra_2000-2021:data:binzel2019_312473_20120323_csv::1.0
P,urn:nasa:pds:gbo.ast.mithneos.spectra_2000-2021:data:binzel2019_3198_20050510_csv::1.0
P,urn:nasa:pds:gbo.ast.mithneos.spectra_2000-2021:data:binzel2019_3199_20010130_csv::1.0
P,urn:nasa:pds:gbo.ast.mithneos.spectra_2000-2021:data:binzel2019_3200_20041210_csv::1.0
P,urn:nasa:pds:gbo.ast.mithneos.spectra_2000-2021:data:binzel2019_3255_20020916_csv::1.0
P,urn:nasa:pds:gbo.ast.mithneos.spectra_2000-2021:data:binzel2019_326290_20120429_csv::1.0
P,urn:nasa:pds:gbo.ast.mithneos.spectra_2000-2021:data:binzel2019_3288_20110430_csv::1.0
P,urn:nasa:pds:gbo.ast.mithneos.spectra_2000-2021:data:binzel2019_32906_20111228_csv::1.0
P,urn:nasa:pds:gbo.ast.mithneos.spectra_2000-2021:data:binzel2019_329437_20130907_csv::1.0
P,urn:nasa:pds:gbo.ast.mithneos.spectra_2000-2021:data:binzel2019_33342_20011220_csv::1.0
P,urn:nasa:pds:gbo.ast.mithneos.spectra_2000-2021:data:binzel2019_3352_20120323_csv::1.0
P,urn:nasa:pds:gbo.ast.mithneos.spectra_2000-2021:data:binzel2019_3361_20051008_csv::1.0
P,urn:nasa:pds:gbo.ast.mithneos.spectra_2000-2021:data:binzel2019_3402_20030930_csv::1.0
P,urn:nasa:pds:gbo.ast.mithneos.spectra_2000-2021:data:binzel2019_345705_20081203_csv::1.0
P,urn:nasa:pds:gbo.ast.mithneos.spectra_2000-2021:data:binzel2019_35107_20021227_csv::1.0
P,urn:nasa:pds:gbo.ast.mithneos.spectra_2000-2021:data:binzel2019_3552_20091025_csv::1.0
P,urn:nasa:pds:gbo.ast.mithneos.spectra_2000-2021:data:binzel2019_3554_20110405_csv::1.0
P,urn:nasa:pds:gbo.ast.mithneos.spectra_2000-2021:data:binzel2019_36017_20141022_csv::1.0
P,urn:nasa:pds:gbo.ast.mithneos.spectra_2000-2021:data:binzel2019_36284_20110207_csv::1.0
P,urn:nasa:pds:gbo.ast.mithneos.spectra_2000-2021:data:binzel2019_363067_20090920_csv::1.0
P,urn:nasa:pds:gbo.ast.mithneos.spectra_2000-2021:data:binzel2019_3635_20051112_csv::1.0
P,urn:nasa:pds:gbo.ast.mithneos.spectra_2000-2021:data:binzel2019_365424_20120429_csv::1.0
P,urn:nasa:pds:gbo.ast.mithneos.spectra_2000-2021:data:binzel2019_3671_20100509_csv::1.0
P,urn:nasa:pds:gbo.ast.mithneos.spectra_2000-2021:data:binzel2019_3674_20100712_csv::1.0
P,urn:nasa:pds:gbo.ast.mithneos.spectra_2000-2021:data:binzel2019_3691_20080310_csv::1.0
P,urn:nasa:pds:gbo.ast.mithneos.spectra_2000-2021:data:binzel2019_37336_20110607_csv::1.0
P,urn:nasa:pds:gbo.ast.mithneos.spectra_2000-2021:data:binzel2019_3753_20051008_csv::1.0
P,urn:nasa:pds:gbo.ast.mithneos.spectra_2000-2021:data:binzel2019_3833_20100712_csv::1.0
P,urn:nasa:pds:gbo.ast.mithneos.spectra_2000-2021:data:binzel2019_3858_20040220_csv::1.0
P,urn:nasa:pds:gbo.ast.mithneos.spectra_2000-2021:data:binzel2019_3908_20040915_csv::1.0
P,urn:nasa:pds:gbo.ast.mithneos.spectra_2000-2021:data:binzel2019_3920_20020916_csv::1.0
P,urn:nasa:pds:gbo.ast.mithneos.spectra_2000-2021:data:binzel2019_39572_20080902_csv::1.0
P,urn:nasa:pds:gbo.ast.mithneos.spectra_2000-2021:data:binzel2019_3988_20110606_csv::1.0
P,urn:nasa:pds:gbo.ast.mithneos.spectra_2000-2021:data:binzel2019_399774_20080413_csv::1.0
P,urn:nasa:pds:gbo.ast.mithneos.spectra_2000-2021:data:binzel2019_4015_20090622_csv::1.0
P,urn:nasa:pds:gbo.ast.mithneos.spectra_2000-2021:data:binzel2019_401857_20000904_csv::1.0
P,urn:nasa:pds:gbo.ast.mithneos.spectra_2000-2021:data:binzel2019_405058_20020315_csv::1.0
P,urn:nasa:pds:gbo.ast.mithneos.spectra_2000-2021:data:binzel2019_4055_20050411_csv::1.0
P,urn:nasa:pds:gbo.ast.mithneos.spectra_2000-2021:data:binzel2019_413038_20010824_csv::1.0
P,urn:nasa:pds:gbo.ast.mithneos.spectra_2000-2021:data:binzel2019_414586_20100117_csv::1.0
P,urn:nasa:pds:gbo.ast.mithneos.spectra_2000-2021:data:binzel2019_4179_20040915_csv::1.0
P,urn:nasa:pds:gbo.ast.mithneos.spectra_2000-2021:data:binzel2019_4183_20111024_csv::1.0
P,urn:nasa:pds:gbo.ast.mithneos.spectra_2000-2021:data:binzel2019_4197_20031001_csv::1.0
P,urn:nasa:pds:gbo.ast.mithneos.spectra_2000-2021:data:binzel2019_433_20020817_csv::1.0
P,urn:nasa:pds:gbo.ast.mithneos.spectra_2000-2021:data:binzel2019_440212_20050108_csv::1.0
P,urn:nasa:pds:gbo.ast.mithneos.spectra_2000-2021:data:binzel2019_4451_20020114_csv::1.0
P,urn:nasa:pds:gbo.ast.mithneos.spectra_2000-2021:data:binzel2019_448003_20080510_csv::1.0
P,urn:nasa:pds:gbo.ast.mithneos.spectra_2000-2021:data:binzel2019_4486_20001010_csv::1.0
P,urn:nasa:pds:gbo.ast.mithneos.spectra_2000-2021:data:binzel2019_451157_20130511_csv::1.0
P,urn:nasa:pds:gbo.ast.mithneos.spectra_2000-2021:data:binzel2019_451397_20110606_csv::1.0
P,urn:nasa:pds:gbo.ast.mithneos.spectra_2000-2021:data:binzel2019_452561_20050412_csv::1.0
P,urn:nasa:pds:gbo.ast.mithneos.spectra_2000-2021:data:binzel2019_455322_20021028_csv::1.0
P,urn:nasa:pds:gbo.ast.mithneos.spectra_2000-2021:data:binzel2019_4558_20040614_csv::1.0
P,urn:nasa:pds:gbo.ast.mithneos.spectra_2000-2021:data:binzel2019_461501_20030705_csv::1.0
P,urn:nasa:pds:gbo.ast.mithneos.spectra_2000-2021:data:binzel2019_4688_20010129_csv::1.0
P,urn:nasa:pds:gbo.ast.mithneos.spectra_2000-2021:data:binzel2019_471240_20140108_csv::1.0
P,urn:nasa:pds:gbo.ast.mithneos.spectra_2000-2021:data:binzel2019_480883_20111230_csv::1.0
P,urn:nasa:pds:gbo.ast.mithneos.spectra_2000-2021:data:binzel2019_481532_20120606_csv::1.0
P,urn:nasa:pds:gbo.ast.mithneos.spectra_2000-2021:data:binzel2019_4954_20071002_csv::1.0
P,urn:nasa:pds:gbo.ast.mithneos.spectra_2000-2021:data:binzel2019_4995_20021028_csv::1.0
P,urn:nasa:pds:gbo.ast.mithneos.spectra_2000-2021:data:binzel2019_500080_20120526_csv::1.0
P,urn:nasa:pds:gbo.ast.mithneos.spectra_2000-2021:data:binzel2019_5011_20061121_csv::1.0
P,urn:nasa:pds:gbo.ast.mithneos.spectra_2000-2021:data:binzel2019_503871_20020414_csv::1.0
P,urn:nasa:pds:gbo.ast.mithneos.spectra_2000-2021:data:binzel2019_506459_20040125_csv::1.0
P,urn:nasa:pds:gbo.ast.mithneos.spectra_2000-2021:data:binzel2019_512_20041016_csv::1.0
P,urn:nasa:pds:gbo.ast.mithneos.spectra_2000-2021:data:binzel2019_5131_20100117_csv::1.0
P,urn:nasa:pds:gbo.ast.mithneos.spectra_2000-2021:data:binzel2019_5143_20061025_csv::1.0
P,urn:nasa:pds:gbo.ast.mithneos.spectra_2000-2021:data:binzel2019_5230_20050905_csv::1.0
P,urn:nasa:pds:gbo.ast.mithneos.spectra_2000-2021:data:binzel2019_52340_20021227_csv::1.0
P,urn:nasa:pds:gbo.ast.mithneos.spectra_2000-2021:data:binzel2019_5261_20050519_csv::1.0
P,urn:nasa:pds:gbo.ast.mithneos.spectra_2000-2021:data:binzel2019_52760_20130808_csv::1.0
P,urn:nasa:pds:gbo.ast.mithneos.spectra_2000-2021:data:binzel2019_52762_20130117_csv::1.0
P,urn:nasa:pds:gbo.ast.mithneos.spectra_2000-2021:data:binzel2019_52768_20090330_csv::1.0
P,urn:nasa:pds:gbo.ast.mithneos.spectra_2000-2021:data:binzel2019_53319_20080510_csv::1.0
P,urn:nasa:pds:gbo.ast.mithneos.spectra_2000-2021:data:binzel2019_53435_20061025_csv::1.0
P,urn:nasa:pds:gbo.ast.mithneos.spectra_2000-2021:data:binzel2019_5392_20101027_csv::1.0
P,urn:nasa:pds:gbo.ast.mithneos.spectra_2000-2021:data:binzel2019_5407_20020113_csv::1.0
P,urn:nasa:pds:gbo.ast.mithneos.spectra_2000-2021:data:binzel2019_54690_20010328_csv::1.0
P,urn:nasa:pds:gbo.ast.mithneos.spectra_2000-2021:data:binzel2019_54789_20100117_csv::1.0
P,urn:nasa:pds:gbo.ast.mithneos.spectra_2000-2021:data:binzel2019_5587_20010328_csv::1.0
P,urn:nasa:pds:gbo.ast.mithneos.spectra_2000-2021:data:binzel2019_5604_20010329_csv::1.0
P,urn:nasa:pds:gbo.ast.mithneos.spectra_2000-2021:data:binzel2019_5626_20090920_csv::1.0
P,urn:nasa:pds:gbo.ast.mithneos.spectra_2000-2021:data:binzel2019_5645_20020414_csv::1.0
P,urn:nasa:pds:gbo.ast.mithneos.spectra_2000-2021:data:binzel2019_5646_20120914_csv::1.0
P,urn:nasa:pds:gbo.ast.mithneos.spectra_2000-2021:data:binzel2019_5660_20050709_csv::1.0
P,urn:nasa:pds:gbo.ast.mithneos.spectra_2000-2021:data:binzel2019_5693_20070121_csv::1.0
P,urn:nasa:pds:gbo.ast.mithneos.spectra_2000-2021:data:binzel2019_5786_20010823_csv::1.0
P,urn:nasa:pds:gbo.ast.mithneos.spectra_2000-2021:data:binzel2019_5817_20040922_csv::1.0
P,urn:nasa:pds:gbo.ast.mithneos.spectra_2000-2021:data:binzel2019_5836_20120429_csv::1.0
P,urn:nasa:pds:gbo.ast.mithneos.spectra_2000-2021:data:binzel2019_6037_20130808_csv::1.0
P,urn:nasa:pds:gbo.ast.mithneos.spectra_2000-2021:data:binzel2019_6239_20100907_csv::1.0
P,urn:nasa:pds:gbo.ast.mithneos.spectra_2000-2021:data:binzel2019_63164_20031001_csv::1.0
P,urn:nasa:pds:gbo.ast.mithneos.spectra_2000-2021:data:binzel2019_6386_20050303_csv::1.0
P,urn:nasa:pds:gbo.ast.mithneos.spectra_2000-2021:data:binzel2019_6411_20040220_csv::1.0
P,urn:nasa:pds:gbo.ast.mithneos.spectra_2000-2021:data:binzel2019_6455_20120421_csv::1.0
P,urn:nasa:pds:gbo.ast.mithneos.spectra_2000-2021:data:binzel2019_65679_20101013_csv::1.0
P,urn:nasa:pds:gbo.ast.mithneos.spectra_2000-2021:data:binzel2019_6585_20061025_csv::1.0
P,urn:nasa:pds:gbo.ast.mithneos.spectra_2000-2021:data:binzel2019_65996_20030705_csv::1.0
P,urn:nasa:pds:gbo.ast.mithneos.spectra_2000-2021:data:binzel2019_66063_20020915_csv::1.0
P,urn:nasa:pds:gbo.ast.mithneos.spectra_2000-2021:data:binzel2019_6611_20050510_csv::1.0
P,urn:nasa:pds:gbo.ast.mithneos.spectra_2000-2021:data:binzel2019_66146_20101014_csv::1.0
P,urn:nasa:pds:gbo.ast.mithneos.spectra_2000-2021:data:binzel2019_66251_20051008_csv::1.0
P,urn:nasa:pds:gbo.ast.mithneos.spectra_2000-2021:data:binzel2019_68216_20100316_csv::1.0
P,urn:nasa:pds:gbo.ast.mithneos.spectra_2000-2021:data:binzel2019_68359_20080116_csv::1.0
P,urn:nasa:pds:gbo.ast.mithneos.spectra_2000-2021:data:binzel2019_68950_20060629_csv::1.0
P,urn:nasa:pds:gbo.ast.mithneos.spectra_2000-2021:data:binzel2019_699_20050108_csv::1.0
P,urn:nasa:pds:gbo.ast.mithneos.spectra_2000-2021:data:binzel2019_719_20010823_csv::1.0
P,urn:nasa:pds:gbo.ast.mithneos.spectra_2000-2021:data:binzel2019_7304_20070323_csv::1.0
P,urn:nasa:pds:gbo.ast.mithneos.spectra_2000-2021:data:binzel2019_7336_20100906_csv::1.0
P,urn:nasa:pds:gbo.ast.mithneos.spectra_2000-2021:data:binzel2019_7341_20111024_csv::1.0
P,urn:nasa:pds:gbo.ast.mithneos.spectra_2000-2021:data:binzel2019_7358_20110606_csv::1.0
P,urn:nasa:pds:gbo.ast.mithneos.spectra_2000-2021:data:binzel2019_7482_20080707_csv::1.0
P,urn:nasa:pds:gbo.ast.mithneos.spectra_2000-2021:data:binzel2019_7888_20130412_csv::1.0
P,urn:nasa:pds:gbo.ast.mithneos.spectra_2000-2021:data:binzel2019_7889_20080707_csv::1.0
P,urn:nasa:pds:gbo.ast.mithneos.spectra_2000-2021:data:binzel2019_8567_20050904_csv::1.0
P,urn:nasa:pds:gbo.ast.mithneos.spectra_2000-2021:data:binzel2019_85709_20060430_csv::1.0
P,urn:nasa:pds:gbo.ast.mithneos.spectra_2000-2021:data:binzel2019_85818_20100509_csv::1.0
P,urn:nasa:pds:gbo.ast.mithneos.spectra_2000-2021:data:binzel2019_85989_20100711_csv::1.0
P,urn:nasa:pds:gbo.ast.mithneos.spectra_2000-2021:data:binzel2019_85990_20140128_csv::1.0
P,urn:nasa:pds:gbo.ast.mithneos.spectra_2000-2021:data:binzel2019_86039_20070323_csv::1.0
P,urn:nasa:pds:gbo.ast.mithneos.spectra_2000-2021:data:binzel2019_86212_20061025_csv::1.0
P,urn:nasa:pds:gbo.ast.mithneos.spectra_2000-2021:data:binzel2019_86450_20010129_csv::1.0
P,urn:nasa:pds:gbo.ast.mithneos.spectra_2000-2021:data:binzel2019_86819_20001009_csv::1.0
P,urn:nasa:pds:gbo.ast.mithneos.spectra_2000-2021:data:binzel2019_87684_20040915_csv::1.0
P,urn:nasa:pds:gbo.ast.mithneos.spectra_2000-2021:data:binzel2019_88188_20040219_csv::1.0
P,urn:nasa:pds:gbo.ast.mithneos.spectra_2000-2021:data:binzel2019_88254_20100317_csv::1.0
P,urn:nasa:pds:gbo.ast.mithneos.spectra_2000-2021:data:binzel2019_88710_20131004_csv::1.0
P,urn:nasa:pds:gbo.ast.mithneos.spectra_2000-2021:data:binzel2019_887_20120828_csv::1.0
P,urn:nasa:pds:gbo.ast.mithneos.spectra_2000-2021:data:binzel2019_89355_20020415_csv::1.0
P,urn:nasa:pds:gbo.ast.mithneos.spectra_2000-2021:data:binzel2019_9400_20120323_csv::1.0
P,urn:nasa:pds:gbo.ast.mithneos.spectra_2000-2021:data:binzel2019_96189_20130612_csv::1.0
P,urn:nasa:pds:gbo.ast.mithneos.spectra_2000-2021:data:binzel2019_96590_20110106_csv::1.0
P,urn:nasa:pds:gbo.ast.mithneos.spectra_2000-2021:data:binzel2019_98943_20041024_csv::1.0
P,urn:nasa:pds:gbo.ast.mithneos.spectra_2000-2021:data:binzel2019_99799_20111230_csv::1.0
P,urn:nasa:pds:gbo.ast.mithneos.spectra_2000-2021:data:binzel2019_99907_20071112_csv::1.0
P,urn:nasa:pds:gbo.ast.mithneos.spectra_2000-2021:data:binzel2019_99942_20130117_csv::1.0
P,urn:nasa:pds:gbo.ast.mithneos.spectra_2000-2021:data:marsset2022_10115_20200127_csv::1.0
P,urn:nasa:pds:gbo.ast.mithneos.spectra_2000-2021:data:marsset2022_1036_20150720_csv::1.0
P,urn:nasa:pds:gbo.ast.mithneos.spectra_2000-2021:data:marsset2022_1036_20190408_csv::1.0
P,urn:nasa:pds:gbo.ast.mithneos.spectra_2000-2021:data:marsset2022_1036_20190522_csv::1.0
P,urn:nasa:pds:gbo.ast.mithneos.spectra_2000-2021:data:marsset2022_10636_20160929_csv::1.0
P,urn:nasa:pds:gbo.ast.mithneos.spectra_2000-2021:data:marsset2022_106589_20161224_csv::1.0
P,urn:nasa:pds:gbo.ast.mithneos.spectra_2000-2021:data:marsset2022_112221_20190508_csv::1.0
P,urn:nasa:pds:gbo.ast.mithneos.spectra_2000-2021:data:marsset2022_11398_20170523_csv::1.0
P,urn:nasa:pds:gbo.ast.mithneos.spectra_2000-2021:data:marsset2022_11405_20200127_csv::1.0
P,urn:nasa:pds:gbo.ast.mithneos.spectra_2000-2021:data:marsset2022_11500_20071112_csv::1.0
P,urn:nasa:pds:gbo.ast.mithneos.spectra_2000-2021:data:marsset2022_13553_20180813_csv::1.0
P,urn:nasa:pds:gbo.ast.mithneos.spectra_2000-2021:data:marsset2022_13553_20180815_csv::1.0
P,urn:nasa:pds:gbo.ast.mithneos.spectra_2000-2021:data:marsset2022_136874_20200617_csv::1.0
P,urn:nasa:pds:gbo.ast.mithneos.spectra_2000-2021:data:marsset2022_137032_20161025_csv::1.0
P,urn:nasa:pds:gbo.ast.mithneos.spectra_2000-2021:data:marsset2022_137084_20191025_csv::1.0
P,urn:nasa:pds:gbo.ast.mithneos.spectra_2000-2021:data:marsset2022_137108_20200818_csv::1.0
P,urn:nasa:pds:gbo.ast.mithneos.spectra_2000-2021:data:marsset2022_137120_20200121_csv::1.0
P,urn:nasa:pds:gbo.ast.mithneos.spectra_2000-2021:data:marsset2022_137924_20150218_csv::1.0
P,urn:nasa:pds:gbo.ast.mithneos.spectra_2000-2021:data:marsset2022_137924_20200121_csv::1.0
P,urn:nasa:pds:gbo.ast.mithneos.spectra_2000-2021:data:marsset2022_138911_20200527_csv::1.0
P,urn:nasa:pds:gbo.ast.mithneos.spectra_2000-2021:data:marsset2022_138937_20151212_csv::1.0
P,urn:nasa:pds:gbo.ast.mithneos.spectra_2000-2021:data:marsset2022_140158_20171111_csv::1.0
P,urn:nasa:pds:gbo.ast.mithneos.spectra_2000-2021:data:marsset2022_140158_20171120_csv::1.0
P,urn:nasa:pds:gbo.ast.mithneos.spectra_2000-2021:data:marsset2022_141053_20181202_csv::1.0
P,urn:nasa:pds:gbo.ast.mithneos.spectra_2000-2021:data:marsset2022_141354_20160410_csv::1.0
P,urn:nasa:pds:gbo.ast.mithneos.spectra_2000-2021:data:marsset2022_141498_20181203_csv::1.0
P,urn:nasa:pds:gbo.ast.mithneos.spectra_2000-2021:data:marsset2022_141525_20190408_csv::1.0
P,urn:nasa:pds:gbo.ast.mithneos.spectra_2000-2021:data:marsset2022_141593_20190523_csv::1.0
P,urn:nasa:pds:gbo.ast.mithneos.spectra_2000-2021:data:marsset2022_141670_20170828_csv::1.0
P,urn:nasa:pds:gbo.ast.mithneos.spectra_2000-2021:data:marsset2022_142464_20170828_csv::1.0
P,urn:nasa:pds:gbo.ast.mithneos.spectra_2000-2021:data:marsset2022_143404_20170326_csv::1.0
P,urn:nasa:pds:gbo.ast.mithneos.spectra_2000-2021:data:marsset2022_143992_20170706_csv::1.0
P,urn:nasa:pds:gbo.ast.mithneos.spectra_2000-2021:data:marsset2022_144332_20160315_csv::1.0
P,urn:nasa:pds:gbo.ast.mithneos.spectra_2000-2021:data:marsset2022_144898_20190408_csv::1.0
P,urn:nasa:pds:gbo.ast.mithneos.spectra_2000-2021:data:marsset2022_152563_20161128_csv::1.0
P,urn:nasa:pds:gbo.ast.mithneos.spectra_2000-2021:data:marsset2022_152978_20201119_csv::1.0
P,urn:nasa:pds:gbo.ast.mithneos.spectra_2000-2021:data:marsset2022_153201_20201207_csv::1.0
P,urn:nasa:pds:gbo.ast.mithneos.spectra_2000-2021:data:marsset2022_153814_20190508_csv::1.0
P,urn:nasa:pds:gbo.ast.mithneos.spectra_2000-2021:data:marsset2022_153842_20191026_csv::1.0
P,urn:nasa:pds:gbo.ast.mithneos.spectra_2000-2021:data:marsset2022_153958_20120717_csv::1.0
P,urn:nasa:pds:gbo.ast.mithneos.spectra_2000-2021:data:marsset2022_154007_20120721_csv::1.0
P,urn:nasa:pds:gbo.ast.mithneos.spectra_2000-2021:data:marsset2022_154244_20160704_csv::1.0
P,urn:nasa:pds:gbo.ast.mithneos.spectra_2000-2021:data:marsset2022_154244_20160708_csv::1.0
P,urn:nasa:pds:gbo.ast.mithneos.spectra_2000-2021:data:marsset2022_154244_20160815_csv::1.0
P,urn:nasa:pds:gbo.ast.mithneos.spectra_2000-2021:data:marsset2022_154330_20201207_csv::1.0
P,urn:nasa:pds:gbo.ast.mithneos.spectra_2000-2021:data:marsset2022_154807_20160211_csv::1.0
P,urn:nasa:pds:gbo.ast.mithneos.spectra_2000-2021:data:marsset2022_154807_20160312_csv::1.0
P,urn:nasa:pds:gbo.ast.mithneos.spectra_2000-2021:data:marsset2022_154993_20200227_csv::1.0
P,urn:nasa:pds:gbo.ast.mithneos.spectra_2000-2021:data:marsset2022_155110_20151110_csv::1.0
P,urn:nasa:pds:gbo.ast.mithneos.spectra_2000-2021:data:marsset2022_15745_20180520_csv::1.0
P,urn:nasa:pds:gbo.ast.mithneos.spectra_2000-2021:data:marsset2022_15817_20200921_csv::1.0
P,urn:nasa:pds:gbo.ast.mithneos.spectra_2000-2021:data:marsset2022_159504_20150720_csv::1.0
P,urn:nasa:pds:gbo.ast.mithneos.spectra_2000-2021:data:marsset2022_159504_20151203_csv::1.0
P,urn:nasa:pds:gbo.ast.mithneos.spectra_2000-2021:data:marsset2022_159504_20151212_csv::1.0
P,urn:nasa:pds:gbo.ast.mithneos.spectra_2000-2021:data:marsset2022_159608_20200603_csv::1.0
P,urn:nasa:pds:gbo.ast.mithneos.spectra_2000-2021:data:marsset2022_162004_20200127_csv::1.0
P,urn:nasa:pds:gbo.ast.mithneos.spectra_2000-2021:data:marsset2022_162082_20191025_csv::1.0
P,urn:nasa:pds:gbo.ast.mithneos.spectra_2000-2021:data:marsset2022_162082_20191026_csv::1.0
P,urn:nasa:pds:gbo.ast.mithneos.spectra_2000-2021:data:marsset2022_1620_20151105_csv::1.0
P,urn:nasa:pds:gbo.ast.mithneos.spectra_2000-2021:data:marsset2022_162142_20161029_csv::1.0
P,urn:nasa:pds:gbo.ast.mithneos.spectra_2000-2021:data:marsset2022_162173_20200908_csv::1.0
P,urn:nasa:pds:gbo.ast.mithneos.spectra_2000-2021:data:marsset2022_162173_20200921_csv::1.0
P,urn:nasa:pds:gbo.ast.mithneos.spectra_2000-2021:data:marsset2022_162510_20160311_csv::1.0
P,urn:nasa:pds:gbo.ast.mithneos.spectra_2000-2021:data:marsset2022_162687_20181111_csv::1.0
P,urn:nasa:pds:gbo.ast.mithneos.spectra_2000-2021:data:marsset2022_1627_20180623_csv::1.0
P,urn:nasa:pds:gbo.ast.mithneos.spectra_2000-2021:data:marsset2022_1627_20180903_csv::1.0
P,urn:nasa:pds:gbo.ast.mithneos.spectra_2000-2021:data:marsset2022_162998_20171016_csv::1.0
P,urn:nasa:pds:gbo.ast.mithneos.spectra_2000-2021:data:marsset2022_163000_20151105_csv::1.0
P,urn:nasa:pds:gbo.ast.mithneos.spectra_2000-2021:data:marsset2022_163348_20200617_csv::1.0
P,urn:nasa:pds:gbo.ast.mithneos.spectra_2000-2021:data:marsset2022_163373_20180903_csv::1.0
P,urn:nasa:pds:gbo.ast.mithneos.spectra_2000-2021:data:marsset2022_163373_20200128_csv::1.0
P,urn:nasa:pds:gbo.ast.mithneos.spectra_2000-2021:data:marsset2022_163696_20151212_csv::1.0
P,urn:nasa:pds:gbo.ast.mithneos.spectra_2000-2021:data:marsset2022_163696_20171120_csv::1.0
P,urn:nasa:pds:gbo.ast.mithneos.spectra_2000-2021:data:marsset2022_163899_20151203_csv::1.0
P,urn:nasa:pds:gbo.ast.mithneos.spectra_2000-2021:data:marsset2022_163899_20151212_csv::1.0
P,urn:nasa:pds:gbo.ast.mithneos.spectra_2000-2021:data:marsset2022_163899_20181111_csv::1.0
P,urn:nasa:pds:gbo.ast.mithneos.spectra_2000-2021:data:marsset2022_163902_20210114_csv::1.0
P,urn:nasa:pds:gbo.ast.mithneos.spectra_2000-2021:data:marsset2022_1685_20160211_csv::1.0
P,urn:nasa:pds:gbo.ast.mithneos.spectra_2000-2021:data:marsset2022_1685_20160415_csv::1.0
P,urn:nasa:pds:gbo.ast.mithneos.spectra_2000-2021:data:marsset2022_1685_20200603_csv::1.0
P,urn:nasa:pds:gbo.ast.mithneos.spectra_2000-2021:data:marsset2022_169675_20200527_csv::1.0
P,urn:nasa:pds:gbo.ast.mithneos.spectra_2000-2021:data:marsset2022_171819_20161025_csv::1.0
P,urn:nasa:pds:gbo.ast.mithneos.spectra_2000-2021:data:marsset2022_17182_20171120_csv::1.0
P,urn:nasa:pds:gbo.ast.mithneos.spectra_2000-2021:data:marsset2022_17274_20180815_csv::1.0
P,urn:nasa:pds:gbo.ast.mithneos.spectra_2000-2021:data:marsset2022_17274_20180903_csv::1.0
P,urn:nasa:pds:gbo.ast.mithneos.spectra_2000-2021:data:marsset2022_173664_20160708_csv::1.0
P,urn:nasa:pds:gbo.ast.mithneos.spectra_2000-2021:data:marsset2022_174050_20210208_csv::1.0
P,urn:nasa:pds:gbo.ast.mithneos.spectra_2000-2021:data:marsset2022_17511_20171120_csv::1.0
P,urn:nasa:pds:gbo.ast.mithneos.spectra_2000-2021:data:marsset2022_17511_20180903_csv::1.0
P,urn:nasa:pds:gbo.ast.mithneos.spectra_2000-2021:data:marsset2022_175189_20200527_csv::1.0
P,urn:nasa:pds:gbo.ast.mithneos.spectra_2000-2021:data:marsset2022_186822_20201207_csv::1.0
P,urn:nasa:pds:gbo.ast.mithneos.spectra_2000-2021:data:marsset2022_189040_20210108_csv::1.0
P,urn:nasa:pds:gbo.ast.mithneos.spectra_2000-2021:data:marsset2022_190166_20170426_csv::1.0
P,urn:nasa:pds:gbo.ast.mithneos.spectra_2000-2021:data:marsset2022_190208_20170918_csv::1.0
P,urn:nasa:pds:gbo.ast.mithneos.spectra_2000-2021:data:marsset2022_194126_20180412_csv::1.0
P,urn:nasa:pds:gbo.ast.mithneos.spectra_2000-2021:data:marsset2022_194268_20151105_csv::1.0
P,urn:nasa:pds:gbo.ast.mithneos.spectra_2000-2021:data:marsset2022_194386_20151212_csv::1.0
P,urn:nasa:pds:gbo.ast.mithneos.spectra_2000-2021:data:marsset2022_1996ae2_20200128_csv::1.0
P,urn:nasa:pds:gbo.ast.mithneos.spectra_2000-2021:data:marsset2022_1999rm45_20210208_csv::1.0
P,urn:nasa:pds:gbo.ast.mithneos.spectra_2000-2021:data:marsset2022_2000bo28_20200227_csv::1.0
P,urn:nasa:pds:gbo.ast.mithneos.spectra_2000-2021:data:marsset2022_2002gz8_20210114_csv::1.0
P,urn:nasa:pds:gbo.ast.mithneos.spectra_2000-2021:data:marsset2022_2002ly1_20160606_csv::1.0
P,urn:nasa:pds:gbo.ast.mithneos.spectra_2000-2021:data:marsset2022_2002ts67_20201107_csv::1.0
P,urn:nasa:pds:gbo.ast.mithneos.spectra_2000-2021:data:marsset2022_2003af23_20210108_csv::1.0
P,urn:nasa:pds:gbo.ast.mithneos.spectra_2000-2021:data:marsset2022_2003yj_20201207_csv::1.0
P,urn:nasa:pds:gbo.ast.mithneos.spectra_2000-2021:data:marsset2022_2004lu3_20200723_csv::1.0
P,urn:nasa:pds:gbo.ast.mithneos.spectra_2000-2021:data:marsset2022_2004rf84_20201014_csv::1.0
P,urn:nasa:pds:gbo.ast.mithneos.spectra_2000-2021:data:marsset2022_2005gr33_20160410_csv::1.0
P,urn:nasa:pds:gbo.ast.mithneos.spectra_2000-2021:data:marsset2022_2005tf_20161028_csv::1.0
P,urn:nasa:pds:gbo.ast.mithneos.spectra_2000-2021:data:marsset2022_2005tf_20161128_csv::1.0
P,urn:nasa:pds:gbo.ast.mithneos.spectra_2000-2021:data:marsset2022_2005ws3_20161128_csv::1.0
P,urn:nasa:pds:gbo.ast.mithneos.spectra_2000-2021:data:marsset2022_2006nl_20130711_csv::1.0
P,urn:nasa:pds:gbo.ast.mithneos.spectra_2000-2021:data:marsset2022_2006sk134_20190321_csv::1.0
P,urn:nasa:pds:gbo.ast.mithneos.spectra_2000-2021:data:marsset2022_2007ec_20150118_csv::1.0
P,urn:nasa:pds:gbo.ast.mithneos.spectra_2000-2021:data:marsset2022_2007tq24_20190926_csv::1.0
P,urn:nasa:pds:gbo.ast.mithneos.spectra_2000-2021:data:marsset2022_2007xy9_20130711_csv::1.0
P,urn:nasa:pds:gbo.ast.mithneos.spectra_2000-2021:data:marsset2022_2008sr1_20190926_csv::1.0
P,urn:nasa:pds:gbo.ast.mithneos.spectra_2000-2021:data:marsset2022_2009sv17_20181202_csv::1.0
P,urn:nasa:pds:gbo.ast.mithneos.spectra_2000-2021:data:marsset2022_2010gt7_20181202_csv::1.0
P,urn:nasa:pds:gbo.ast.mithneos.spectra_2000-2021:data:marsset2022_2011ct4_20200121_csv::1.0
P,urn:nasa:pds:gbo.ast.mithneos.spectra_2000-2021:data:marsset2022_2011hp_20190508_csv::1.0
P,urn:nasa:pds:gbo.ast.mithneos.spectra_2000-2021:data:marsset2022_2011ua_20180909_csv::1.0
P,urn:nasa:pds:gbo.ast.mithneos.spectra_2000-2021:data:marsset2022_2011wa_20181111_csv::1.0
P,urn:nasa:pds:gbo.ast.mithneos.spectra_2000-2021:data:marsset2022_2011wk15_20150118_csv::1.0
P,urn:nasa:pds:gbo.ast.mithneos.spectra_2000-2021:data:marsset2022_2011wn15_20151212_csv::1.0
P,urn:nasa:pds:gbo.ast.mithneos.spectra_2000-2021:data:marsset2022_2011ys62_20151203_csv::1.0
P,urn:nasa:pds:gbo.ast.mithneos.spectra_2000-2021:data:marsset2022_2012sg32_20150922_csv::1.0
P,urn:nasa:pds:gbo.ast.mithneos.spectra_2000-2021:data:marsset2022_2013cw32_20190206_csv::1.0
P,urn:nasa:pds:gbo.ast.mithneos.spectra_2000-2021:data:marsset2022_2013py6_20201014_csv::1.0
P,urn:nasa:pds:gbo.ast.mithneos.spectra_2000-2021:data:marsset2022_2013ux14_20200908_csv::1.0
P,urn:nasa:pds:gbo.ast.mithneos.spectra_2000-2021:data:marsset2022_2014ad17_20170103_csv::1.0
P,urn:nasa:pds:gbo.ast.mithneos.spectra_2000-2021:data:marsset2022_2014lw21_20200712_csv::1.0
P,urn:nasa:pds:gbo.ast.mithneos.spectra_2000-2021:data:marsset2022_2014qk434_20150118_csv::1.0
P,urn:nasa:pds:gbo.ast.mithneos.spectra_2000-2021:data:marsset2022_2014rl12_20150118_csv::1.0
P,urn:nasa:pds:gbo.ast.mithneos.spectra_2000-2021:data:marsset2022_2014uf206_20150118_csv::1.0
P,urn:nasa:pds:gbo.ast.mithneos.spectra_2000-2021:data:marsset2022_2014ur116_20171016_csv::1.0
P,urn:nasa:pds:gbo.ast.mithneos.spectra_2000-2021:data:marsset2022_2014wg365_20201207_csv::1.0
P,urn:nasa:pds:gbo.ast.mithneos.spectra_2000-2021:data:marsset2022_2014ym9_20150206_csv::1.0
P,urn:nasa:pds:gbo.ast.mithneos.spectra_2000-2021:data:marsset2022_2015az43_20150206_csv::1.0
P,urn:nasa:pds:gbo.ast.mithneos.spectra_2000-2021:data:marsset2022_2015bc_20150118_csv::1.0
P,urn:nasa:pds:gbo.ast.mithneos.spectra_2000-2021:data:marsset2022_2015bf92_20150206_csv::1.0
P,urn:nasa:pds:gbo.ast.mithneos.spectra_2000-2021:data:marsset2022_2015bk509_20200228_csv::1.0
P,urn:nasa:pds:gbo.ast.mithneos.spectra_2000-2021:data:marsset2022_2015db_20150218_csv::1.0
P,urn:nasa:pds:gbo.ast.mithneos.spectra_2000-2021:data:marsset2022_2015dp155_20180520_csv::1.0
P,urn:nasa:pds:gbo.ast.mithneos.spectra_2000-2021:data:marsset2022_2015dp155_20180623_csv::1.0
P,urn:nasa:pds:gbo.ast.mithneos.spectra_2000-2021:data:marsset2022_2015fs332_20151005_csv::1.0
P,urn:nasa:pds:gbo.ast.mithneos.spectra_2000-2021:data:marsset2022_2015jj2_20150720_csv::1.0
P,urn:nasa:pds:gbo.ast.mithneos.spectra_2000-2021:data:marsset2022_2015jy1_20150720_csv::1.0
P,urn:nasa:pds:gbo.ast.mithneos.spectra_2000-2021:data:marsset2022_2015nu13_20210114_csv::1.0
P,urn:nasa:pds:gbo.ast.mithneos.spectra_2000-2021:data:marsset2022_2015ol35_20151005_csv::1.0
P,urn:nasa:pds:gbo.ast.mithneos.spectra_2000-2021:data:marsset2022_2015ox78_20200121_csv::1.0
P,urn:nasa:pds:gbo.ast.mithneos.spectra_2000-2021:data:marsset2022_2015qt9_20190318_csv::1.0
P,urn:nasa:pds:gbo.ast.mithneos.spectra_2000-2021:data:marsset2022_2015rf36_20150922_csv::1.0
P,urn:nasa:pds:gbo.ast.mithneos.spectra_2000-2021:data:marsset2022_2015sv2_20151212_csv::1.0
P,urn:nasa:pds:gbo.ast.mithneos.spectra_2000-2021:data:marsset2022_2015sy_20150922_csv::1.0
P,urn:nasa:pds:gbo.ast.mithneos.spectra_2000-2021:data:marsset2022_2015sz_20151005_csv::1.0
P,urn:nasa:pds:gbo.ast.mithneos.spectra_2000-2021:data:marsset2022_2015ta25_20151110_csv::1.0
P,urn:nasa:pds:gbo.ast.mithneos.spectra_2000-2021:data:marsset2022_2015wh9_20160211_csv::1.0
P,urn:nasa:pds:gbo.ast.mithneos.spectra_2000-2021:data:marsset2022_2015xb379_20160312_csv::1.0
P,urn:nasa:pds:gbo.ast.mithneos.spectra_2000-2021:data:marsset2022_2016az8_20190125_csv::1.0
P,urn:nasa:pds:gbo.ast.mithneos.spectra_2000-2021:data:marsset2022_2016cl136_20210207_csv::1.0
P,urn:nasa:pds:gbo.ast.mithneos.spectra_2000-2021:data:marsset2022_2016co247_20210108_csv::1.0
P,urn:nasa:pds:gbo.ast.mithneos.spectra_2000-2021:data:marsset2022_2016ed85_20200908_csv::1.0
P,urn:nasa:pds:gbo.ast.mithneos.spectra_2000-2021:data:marsset2022_2016es155_20160315_csv::1.0
P,urn:nasa:pds:gbo.ast.mithneos.spectra_2000-2021:data:marsset2022_2016gu_20160410_csv::1.0
P,urn:nasa:pds:gbo.ast.mithneos.spectra_2000-2021:data:marsset2022_2016lg_20160606_csv::1.0
P,urn:nasa:pds:gbo.ast.mithneos.spectra_2000-2021:data:marsset2022_2016lv_20160606_csv::1.0
P,urn:nasa:pds:gbo.ast.mithneos.spectra_2000-2021:data:marsset2022_2016lx48_20160929_csv::1.0
P,urn:nasa:pds:gbo.ast.mithneos.spectra_2000-2021:data:marsset2022_2016na1_20160815_csv::1.0
P,urn:nasa:pds:gbo.ast.mithneos.spectra_2000-2021:data:marsset2022_2016nl15_20170103_csv::1.0
P,urn:nasa:pds:gbo.ast.mithneos.spectra_2000-2021:data:marsset2022_2016nv38_20200908_csv::1.0
P,urn:nasa:pds:gbo.ast.mithneos.spectra_2000-2021:data:marsset2022_2016pr8_20170103_csv::1.0
P,urn:nasa:pds:gbo.ast.mithneos.spectra_2000-2021:data:marsset2022_2016ue101_20170103_csv::1.0
P,urn:nasa:pds:gbo.ast.mithneos.spectra_2000-2021:data:marsset2022_2016uu80_20170205_csv::1.0
P,urn:nasa:pds:gbo.ast.mithneos.spectra_2000-2021:data:marsset2022_2016xh1_20161224_csv::1.0
P,urn:nasa:pds:gbo.ast.mithneos.spectra_2000-2021:data:marsset2022_2016yk_20170103_csv::1.0
P,urn:nasa:pds:gbo.ast.mithneos.spectra_2000-2021:data:marsset2022_2016ym_20201207_csv::1.0
P,urn:nasa:pds:gbo.ast.mithneos.spectra_2000-2021:data:marsset2022_2017ae5_20200121_csv::1.0
P,urn:nasa:pds:gbo.ast.mithneos.spectra_2000-2021:data:marsset2022_2017ae5_20200128_csv::1.0
P,urn:nasa:pds:gbo.ast.mithneos.spectra_2000-2021:data:marsset2022_2017bm123_20200227_csv::1.0
P,urn:nasa:pds:gbo.ast.mithneos.spectra_2000-2021:data:marsset2022_2017bq93_20210111_csv::1.0
P,urn:nasa:pds:gbo.ast.mithneos.spectra_2000-2021:data:marsset2022_2017cr32_20170326_csv::1.0
P,urn:nasa:pds:gbo.ast.mithneos.spectra_2000-2021:data:marsset2022_2017cs_20170523_csv::1.0
P,urn:nasa:pds:gbo.ast.mithneos.spectra_2000-2021:data:marsset2022_2017da36_20170306_csv::1.0
P,urn:nasa:pds:gbo.ast.mithneos.spectra_2000-2021:data:marsset2022_2017mb1_20170706_csv::1.0
P,urn:nasa:pds:gbo.ast.mithneos.spectra_2000-2021:data:marsset2022_2017mc4_20170706_csv::1.0
P,urn:nasa:pds:gbo.ast.mithneos.spectra_2000-2021:data:marsset2022_2017rl_20170918_csv::1.0
P,urn:nasa:pds:gbo.ast.mithneos.spectra_2000-2021:data:marsset2022_2017rr15_20171016_csv::1.0
P,urn:nasa:pds:gbo.ast.mithneos.spectra_2000-2021:data:marsset2022_2017vc_20171111_csv::1.0
P,urn:nasa:pds:gbo.ast.mithneos.spectra_2000-2021:data:marsset2022_2017ye5_20180621_csv::1.0
P,urn:nasa:pds:gbo.ast.mithneos.spectra_2000-2021:data:marsset2022_2017ye5_20180623_csv::1.0
P,urn:nasa:pds:gbo.ast.mithneos.spectra_2000-2021:data:marsset2022_2018bp_20191230_csv::1.0
P,urn:nasa:pds:gbo.ast.mithneos.spectra_2000-2021:data:marsset2022_2018ej4_20180520_csv::1.0
P,urn:nasa:pds:gbo.ast.mithneos.spectra_2000-2021:data:marsset2022_2018ja_20180520_csv::1.0
P,urn:nasa:pds:gbo.ast.mithneos.spectra_2000-2021:data:marsset2022_2018ke3_20180909_csv::1.0
P,urn:nasa:pds:gbo.ast.mithneos.spectra_2000-2021:data:marsset2022_2018lq2_20180903_csv::1.0
P,urn:nasa:pds:gbo.ast.mithneos.spectra_2000-2021:data:marsset2022_2018mm8_20180813_csv::1.0
P,urn:nasa:pds:gbo.ast.mithneos.spectra_2000-2021:data:marsset2022_2018nb_20180715_csv::1.0
P,urn:nasa:pds:gbo.ast.mithneos.spectra_2000-2021:data:marsset2022_2018pp10_20210207_csv::1.0
P,urn:nasa:pds:gbo.ast.mithneos.spectra_2000-2021:data:marsset2022_2018qn1_20181203_csv::1.0
P,urn:nasa:pds:gbo.ast.mithneos.spectra_2000-2021:data:marsset2022_2018qu1_20180909_csv::1.0
P,urn:nasa:pds:gbo.ast.mithneos.spectra_2000-2021:data:marsset2022_2018qv1_20180909_csv::1.0
P,urn:nasa:pds:gbo.ast.mithneos.spectra_2000-2021:data:marsset2022_2018rc_20180909_csv::1.0
P,urn:nasa:pds:gbo.ast.mithneos.spectra_2000-2021:data:marsset2022_2018tt1_20181107_csv::1.0
P,urn:nasa:pds:gbo.ast.mithneos.spectra_2000-2021:data:marsset2022_2018uq1_20181107_csv::1.0
P,urn:nasa:pds:gbo.ast.mithneos.spectra_2000-2021:data:marsset2022_2018wd2_20181203_csv::1.0
P,urn:nasa:pds:gbo.ast.mithneos.spectra_2000-2021:data:marsset2022_2018wx1_20181203_csv::1.0
P,urn:nasa:pds:gbo.ast.mithneos.spectra_2000-2021:data:marsset2022_2018xg5_20190508_csv::1.0
P,urn:nasa:pds:gbo.ast.mithneos.spectra_2000-2021:data:marsset2022_2019an5_20200818_csv::1.0
P,urn:nasa:pds:gbo.ast.mithneos.spectra_2000-2021:data:marsset2022_2019ap3_20190321_csv::1.0
P,urn:nasa:pds:gbo.ast.mithneos.spectra_2000-2021:data:marsset2022_2019bk_20190125_csv::1.0
P,urn:nasa:pds:gbo.ast.mithneos.spectra_2000-2021:data:marsset2022_2019cd5_20190318_csv::1.0
P,urn:nasa:pds:gbo.ast.mithneos.spectra_2000-2021:data:marsset2022_2019ch_20190331_csv::1.0
P,urn:nasa:pds:gbo.ast.mithneos.spectra_2000-2021:data:marsset2022_2019dn_20190318_csv::1.0
P,urn:nasa:pds:gbo.ast.mithneos.spectra_2000-2021:data:marsset2022_2019fu_20190408_csv::1.0
P,urn:nasa:pds:gbo.ast.mithneos.spectra_2000-2021:data:marsset2022_2019gt3_20190926_csv::1.0
P,urn:nasa:pds:gbo.ast.mithneos.spectra_2000-2021:data:marsset2022_2019hc_20190508_csv::1.0
P,urn:nasa:pds:gbo.ast.mithneos.spectra_2000-2021:data:marsset2022_2019hc_20190522_csv::1.0
P,urn:nasa:pds:gbo.ast.mithneos.spectra_2000-2021:data:marsset2022_2019sh6_20191230_csv::1.0
P,urn:nasa:pds:gbo.ast.mithneos.spectra_2000-2021:data:marsset2022_2019uc_20191025_csv::1.0
P,urn:nasa:pds:gbo.ast.mithneos.spectra_2000-2021:data:marsset2022_2019yh2_20191230_csv::1.0
P,urn:nasa:pds:gbo.ast.mithneos.spectra_2000-2021:data:marsset2022_2019yp5_20210207_csv::1.0
P,urn:nasa:pds:gbo.ast.mithneos.spectra_2000-2021:data:marsset2022_2020dx_20200228_csv::1.0
P,urn:nasa:pds:gbo.ast.mithneos.spectra_2000-2021:data:marsset2022_2020me1_20200627_csv::1.0
P,urn:nasa:pds:gbo.ast.mithneos.spectra_2000-2021:data:marsset2022_2020pd1_20201014_csv::1.0
P,urn:nasa:pds:gbo.ast.mithneos.spectra_2000-2021:data:marsset2022_2020pm7_20200928_csv::1.0
P,urn:nasa:pds:gbo.ast.mithneos.spectra_2000-2021:data:marsset2022_2020ps_20200818_csv::1.0
P,urn:nasa:pds:gbo.ast.mithneos.spectra_2000-2021:data:marsset2022_2020ps_20200821_csv::1.0
P,urn:nasa:pds:gbo.ast.mithneos.spectra_2000-2021:data:marsset2022_2020qw_20200821_csv::1.0
P,urn:nasa:pds:gbo.ast.mithneos.spectra_2000-2021:data:marsset2022_2020rb6_20200921_csv::1.0
P,urn:nasa:pds:gbo.ast.mithneos.spectra_2000-2021:data:marsset2022_2020rc_20200908_csv::1.0
P,urn:nasa:pds:gbo.ast.mithneos.spectra_2000-2021:data:marsset2022_2020rf_20200921_csv::1.0
P,urn:nasa:pds:gbo.ast.mithneos.spectra_2000-2021:data:marsset2022_2020rj3_20200926_csv::1.0
P,urn:nasa:pds:gbo.ast.mithneos.spectra_2000-2021:data:marsset2022_2020ro6_20210111_csv::1.0
P,urn:nasa:pds:gbo.ast.mithneos.spectra_2000-2021:data:marsset2022_2020sn_20200926_csv::1.0
P,urn:nasa:pds:gbo.ast.mithneos.spectra_2000-2021:data:marsset2022_2020ss4_20200928_csv::1.0
P,urn:nasa:pds:gbo.ast.mithneos.spectra_2000-2021:data:marsset2022_2020st1_20201107_csv::1.0
P,urn:nasa:pds:gbo.ast.mithneos.spectra_2000-2021:data:marsset2022_2020sy4_20200928_csv::1.0
P,urn:nasa:pds:gbo.ast.mithneos.spectra_2000-2021:data:marsset2022_2020tb12_20210207_csv::1.0
P,urn:nasa:pds:gbo.ast.mithneos.spectra_2000-2021:data:marsset2022_2020ty1_20201107_csv::1.0
P,urn:nasa:pds:gbo.ast.mithneos.spectra_2000-2021:data:marsset2022_2020wk3_20201207_csv::1.0
P,urn:nasa:pds:gbo.ast.mithneos.spectra_2000-2021:data:marsset2022_2020wl3_20210117_csv::1.0
P,urn:nasa:pds:gbo.ast.mithneos.spectra_2000-2021:data:marsset2022_2020wm3_20210208_csv::1.0
P,urn:nasa:pds:gbo.ast.mithneos.spectra_2000-2021:data:marsset2022_2020wu5_20210111_csv::1.0
P,urn:nasa:pds:gbo.ast.mithneos.spectra_2000-2021:data:marsset2022_2020wu5_20210114_csv::1.0
P,urn:nasa:pds:gbo.ast.mithneos.spectra_2000-2021:data:marsset2022_2020xh1_20201210_csv::1.0
P,urn:nasa:pds:gbo.ast.mithneos.spectra_2000-2021:data:marsset2022_2020xu6_20210208_csv::1.0
P,urn:nasa:pds:gbo.ast.mithneos.spectra_2000-2021:data:marsset2022_2021cg_20210207_csv::1.0
P,urn:nasa:pds:gbo.ast.mithneos.spectra_2000-2021:data:marsset2022_203015_20200127_csv::1.0
P,urn:nasa:pds:gbo.ast.mithneos.spectra_2000-2021:data:marsset2022_203217_20170103_csv::1.0
P,urn:nasa:pds:gbo.ast.mithneos.spectra_2000-2021:data:marsset2022_2059_20190903_csv::1.0
P,urn:nasa:pds:gbo.ast.mithneos.spectra_2000-2021:data:marsset2022_2059_20190926_csv::1.0
P,urn:nasa:pds:gbo.ast.mithneos.spectra_2000-2021:data:marsset2022_2061_20180621_csv::1.0
P,urn:nasa:pds:gbo.ast.mithneos.spectra_2000-2021:data:marsset2022_2061_20180815_csv::1.0
P,urn:nasa:pds:gbo.ast.mithneos.spectra_2000-2021:data:marsset2022_2062_20150206_csv::1.0
P,urn:nasa:pds:gbo.ast.mithneos.spectra_2000-2021:data:marsset2022_206378_20150720_csv::1.0
P,urn:nasa:pds:gbo.ast.mithneos.spectra_2000-2021:data:marsset2022_2100_20161003_csv::1.0
P,urn:nasa:pds:gbo.ast.mithneos.spectra_2000-2021:data:marsset2022_2100_20190926_csv::1.0
P,urn:nasa:pds:gbo.ast.mithneos.spectra_2000-2021:data:marsset2022_21374_20171120_csv::1.0
P,urn:nasa:pds:gbo.ast.mithneos.spectra_2000-2021:data:marsset2022_220839_20180520_csv::1.0
P,urn:nasa:pds:gbo.ast.mithneos.spectra_2000-2021:data:marsset2022_226514_20161224_csv::1.0
P,urn:nasa:pds:gbo.ast.mithneos.spectra_2000-2021:data:marsset2022_2329_20170426_csv::1.0
P,urn:nasa:pds:gbo.ast.mithneos.spectra_2000-2021:data:marsset2022_2368_20171120_csv::1.0
P,urn:nasa:pds:gbo.ast.mithneos.spectra_2000-2021:data:marsset2022_237805_20170828_csv::1.0
P,urn:nasa:pds:gbo.ast.mithneos.spectra_2000-2021:data:marsset2022_242211_20170706_csv::1.0
P,urn:nasa:pds:gbo.ast.mithneos.spectra_2000-2021:data:marsset2022_242708_20180623_csv::1.0
P,urn:nasa:pds:gbo.ast.mithneos.spectra_2000-2021:data:marsset2022_243025_20191103_csv::1.0
P,urn:nasa:pds:gbo.ast.mithneos.spectra_2000-2021:data:marsset2022_243147_20130711_csv::1.0
P,urn:nasa:pds:gbo.ast.mithneos.spectra_2000-2021:data:marsset2022_244670_20190522_csv::1.0
P,urn:nasa:pds:gbo.ast.mithneos.spectra_2000-2021:data:marsset2022_250577_20200121_csv::1.0
P,urn:nasa:pds:gbo.ast.mithneos.spectra_2000-2021:data:marsset2022_250620_20170326_csv::1.0
P,urn:nasa:pds:gbo.ast.mithneos.spectra_2000-2021:data:marsset2022_250706_20160311_csv::1.0
P,urn:nasa:pds:gbo.ast.mithneos.spectra_2000-2021:data:marsset2022_265482_20170205_csv::1.0
P,urn:nasa:pds:gbo.ast.mithneos.spectra_2000-2021:data:marsset2022_265962_20170728_csv::1.0
P,urn:nasa:pds:gbo.ast.mithneos.spectra_2000-2021:data:marsset2022_265962_20171016_csv::1.0
P,urn:nasa:pds:gbo.ast.mithneos.spectra_2000-2021:data:marsset2022_275611_20190206_csv::1.0
P,urn:nasa:pds:gbo.ast.mithneos.spectra_2000-2021:data:marsset2022_294739_20150720_csv::1.0
P,urn:nasa:pds:gbo.ast.mithneos.spectra_2000-2021:data:marsset2022_297300_20190508_csv::1.0
P,urn:nasa:pds:gbo.ast.mithneos.spectra_2000-2021:data:marsset2022_302830_20200926_csv::1.0
P,urn:nasa:pds:gbo.ast.mithneos.spectra_2000-2021:data:marsset2022_311554_20150218_csv::1.0
P,urn:nasa:pds:gbo.ast.mithneos.spectra_2000-2021:data:marsset2022_311554_20210208_csv::1.0
P,urn:nasa:pds:gbo.ast.mithneos.spectra_2000-2021:data:marsset2022_313276_20210117_csv::1.0
P,urn:nasa:pds:gbo.ast.mithneos.spectra_2000-2021:data:marsset2022_31345_20180903_csv::1.0
P,urn:nasa:pds:gbo.ast.mithneos.spectra_2000-2021:data:marsset2022_318411_20190318_csv::1.0
P,urn:nasa:pds:gbo.ast.mithneos.spectra_2000-2021:data:marsset2022_3200_20171016_csv::1.0
P,urn:nasa:pds:gbo.ast.mithneos.spectra_2000-2021:data:marsset2022_3200_20171111_csv::1.0
P,urn:nasa:pds:gbo.ast.mithneos.spectra_2000-2021:data:marsset2022_3200_20171120_csv::1.0
P,urn:nasa:pds:gbo.ast.mithneos.spectra_2000-2021:data:marsset2022_326291_20191025_csv::1.0
P,urn:nasa:pds:gbo.ast.mithneos.spectra_2000-2021:data:marsset2022_326683_20161224_csv::1.0
P,urn:nasa:pds:gbo.ast.mithneos.spectra_2000-2021:data:marsset2022_326777_20190522_csv::1.0
P,urn:nasa:pds:gbo.ast.mithneos.spectra_2000-2021:data:marsset2022_329340_20200128_csv::1.0
P,urn:nasa:pds:gbo.ast.mithneos.spectra_2000-2021:data:marsset2022_331471_20160606_csv::1.0
P,urn:nasa:pds:gbo.ast.mithneos.spectra_2000-2021:data:marsset2022_331471_20160705_csv::1.0
P,urn:nasa:pds:gbo.ast.mithneos.spectra_2000-2021:data:marsset2022_33342_20151203_csv::1.0
P,urn:nasa:pds:gbo.ast.mithneos.spectra_2000-2021:data:marsset2022_33342_20151212_csv::1.0
P,urn:nasa:pds:gbo.ast.mithneos.spectra_2000-2021:data:marsset2022_333888_20171120_csv::1.0
P,urn:nasa:pds:gbo.ast.mithneos.spectra_2000-2021:data:marsset2022_333889_20150912_csv::1.0
P,urn:nasa:pds:gbo.ast.mithneos.spectra_2000-2021:data:marsset2022_337866_20160211_csv::1.0
P,urn:nasa:pds:gbo.ast.mithneos.spectra_2000-2021:data:marsset2022_338292_20121013_csv::1.0
P,urn:nasa:pds:gbo.ast.mithneos.spectra_2000-2021:data:marsset2022_34613_20200128_csv::1.0
P,urn:nasa:pds:gbo.ast.mithneos.spectra_2000-2021:data:marsset2022_348400_20150720_csv::1.0
P,urn:nasa:pds:gbo.ast.mithneos.spectra_2000-2021:data:marsset2022_348400_20151005_csv::1.0
P,urn:nasa:pds:gbo.ast.mithneos.spectra_2000-2021:data:marsset2022_348400_20151110_csv::1.0
P,urn:nasa:pds:gbo.ast.mithneos.spectra_2000-2021:data:marsset2022_349063_20191230_csv::1.0
P,urn:nasa:pds:gbo.ast.mithneos.spectra_2000-2021:data:marsset2022_35396_20160414_csv::1.0
P,urn:nasa:pds:gbo.ast.mithneos.spectra_2000-2021:data:marsset2022_354030_20190926_csv::1.0
P,urn:nasa:pds:gbo.ast.mithneos.spectra_2000-2021:data:marsset2022_355256_20190508_csv::1.0
P,urn:nasa:pds:gbo.ast.mithneos.spectra_2000-2021:data:marsset2022_357024_20160722_csv::1.0
P,urn:nasa:pds:gbo.ast.mithneos.spectra_2000-2021:data:marsset2022_361123_20130711_csv::1.0
P,urn:nasa:pds:gbo.ast.mithneos.spectra_2000-2021:data:marsset2022_363599_20160410_csv::1.0
P,urn:nasa:pds:gbo.ast.mithneos.spectra_2000-2021:data:marsset2022_363831_20161128_csv::1.0
P,urn:nasa:pds:gbo.ast.mithneos.spectra_2000-2021:data:marsset2022_370307_20170326_csv::1.0
P,urn:nasa:pds:gbo.ast.mithneos.spectra_2000-2021:data:marsset2022_376864_20181215_csv::1.0
P,urn:nasa:pds:gbo.ast.mithneos.spectra_2000-2021:data:marsset2022_380128_20200712_csv::1.0
P,urn:nasa:pds:gbo.ast.mithneos.spectra_2000-2021:data:marsset2022_380128_20200818_csv::1.0
P,urn:nasa:pds:gbo.ast.mithneos.spectra_2000-2021:data:marsset2022_380160_20190903_csv::1.0
P,urn:nasa:pds:gbo.ast.mithneos.spectra_2000-2021:data:marsset2022_380359_20201210_csv::1.0
P,urn:nasa:pds:gbo.ast.mithneos.spectra_2000-2021:data:marsset2022_380981_20150720_csv::1.0
P,urn:nasa:pds:gbo.ast.mithneos.spectra_2000-2021:data:marsset2022_381677_20190125_csv::1.0
P,urn:nasa:pds:gbo.ast.mithneos.spectra_2000-2021:data:marsset2022_381677_20190318_csv::1.0
P,urn:nasa:pds:gbo.ast.mithneos.spectra_2000-2021:data:marsset2022_381677_20190331_csv::1.0
P,urn:nasa:pds:gbo.ast.mithneos.spectra_2000-2021:data:marsset2022_382503_20200617_csv::1.0
P,urn:nasa:pds:gbo.ast.mithneos.spectra_2000-2021:data:marsset2022_385186_20150720_csv::1.0
P,urn:nasa:pds:gbo.ast.mithneos.spectra_2000-2021:data:marsset2022_385343_20160704_csv::1.0
P,urn:nasa:pds:gbo.ast.mithneos.spectra_2000-2021:data:marsset2022_385343_20160705_csv::1.0
P,urn:nasa:pds:gbo.ast.mithneos.spectra_2000-2021:data:marsset2022_388838_20170426_csv::1.0
P,urn:nasa:pds:gbo.ast.mithneos.spectra_2000-2021:data:marsset2022_388945_20160410_csv::1.0
P,urn:nasa:pds:gbo.ast.mithneos.spectra_2000-2021:data:marsset2022_389694_20150922_csv::1.0
P,urn:nasa:pds:gbo.ast.mithneos.spectra_2000-2021:data:marsset2022_398188_20180715_csv::1.0
P,urn:nasa:pds:gbo.ast.mithneos.spectra_2000-2021:data:marsset2022_40329_20160929_csv::1.0
P,urn:nasa:pds:gbo.ast.mithneos.spectra_2000-2021:data:marsset2022_4055_20150418_csv::1.0
P,urn:nasa:pds:gbo.ast.mithneos.spectra_2000-2021:data:marsset2022_4055_20201014_csv::1.0
P,urn:nasa:pds:gbo.ast.mithneos.spectra_2000-2021:data:marsset2022_410088_20150118_csv::1.0
P,urn:nasa:pds:gbo.ast.mithneos.spectra_2000-2021:data:marsset2022_410088_20190125_csv::1.0
P,urn:nasa:pds:gbo.ast.mithneos.spectra_2000-2021:data:marsset2022_410777_20151105_csv::1.0
P,urn:nasa:pds:gbo.ast.mithneos.spectra_2000-2021:data:marsset2022_410778_20190926_csv::1.0
P,urn:nasa:pds:gbo.ast.mithneos.spectra_2000-2021:data:marsset2022_411165_20200821_csv::1.0
P,urn:nasa:pds:gbo.ast.mithneos.spectra_2000-2021:data:marsset2022_411201_20160311_csv::1.0
P,urn:nasa:pds:gbo.ast.mithneos.spectra_2000-2021:data:marsset2022_411201_20160414_csv::1.0
P,urn:nasa:pds:gbo.ast.mithneos.spectra_2000-2021:data:marsset2022_413002_20161128_csv::1.0
P,urn:nasa:pds:gbo.ast.mithneos.spectra_2000-2021:data:marsset2022_413002_20161224_csv::1.0
P,urn:nasa:pds:gbo.ast.mithneos.spectra_2000-2021:data:marsset2022_413577_20151110_csv::1.0
P,urn:nasa:pds:gbo.ast.mithneos.spectra_2000-2021:data:marsset2022_414960_20170103_csv::1.0
P,urn:nasa:pds:gbo.ast.mithneos.spectra_2000-2021:data:marsset2022_415029_20171120_csv::1.0
P,urn:nasa:pds:gbo.ast.mithneos.spectra_2000-2021:data:marsset2022_416071_20150720_csv::1.0
P,urn:nasa:pds:gbo.ast.mithneos.spectra_2000-2021:data:marsset2022_416151_20150218_csv::1.0
P,urn:nasa:pds:gbo.ast.mithneos.spectra_2000-2021:data:marsset2022_416186_20190523_csv::1.0
P,urn:nasa:pds:gbo.ast.mithneos.spectra_2000-2021:data:marsset2022_416584_20170706_csv::1.0
P,urn:nasa:pds:gbo.ast.mithneos.spectra_2000-2021:data:marsset2022_416584_20170728_csv::1.0
P,urn:nasa:pds:gbo.ast.mithneos.spectra_2000-2021:data:marsset2022_416584_20170813_csv::1.0
P,urn:nasa:pds:gbo.ast.mithneos.spectra_2000-2021:data:marsset2022_416591_20200121_csv::1.0
P,urn:nasa:pds:gbo.ast.mithneos.spectra_2000-2021:data:marsset2022_4179_20170306_csv::1.0
P,urn:nasa:pds:gbo.ast.mithneos.spectra_2000-2021:data:marsset2022_420302_20200617_csv::1.0
P,urn:nasa:pds:gbo.ast.mithneos.spectra_2000-2021:data:marsset2022_422686_20150206_csv::1.0
P,urn:nasa:pds:gbo.ast.mithneos.spectra_2000-2021:data:marsset2022_422699_20170726_csv::1.0
P,urn:nasa:pds:gbo.ast.mithneos.spectra_2000-2021:data:marsset2022_433953_20161128_csv::1.0
P,urn:nasa:pds:gbo.ast.mithneos.spectra_2000-2021:data:marsset2022_433_20161028_csv::1.0
P,urn:nasa:pds:gbo.ast.mithneos.spectra_2000-2021:data:marsset2022_433_20180815_csv::1.0
P,urn:nasa:pds:gbo.ast.mithneos.spectra_2000-2021:data:marsset2022_433_20181107_csv::1.0
P,urn:nasa:pds:gbo.ast.mithneos.spectra_2000-2021:data:marsset2022_433_20190523_csv::1.0
P,urn:nasa:pds:gbo.ast.mithneos.spectra_2000-2021:data:marsset2022_4341_20161029_csv::1.0
P,urn:nasa:pds:gbo.ast.mithneos.spectra_2000-2021:data:marsset2022_437316_20200127_csv::1.0
P,urn:nasa:pds:gbo.ast.mithneos.spectra_2000-2021:data:marsset2022_437844_20200627_csv::1.0
P,urn:nasa:pds:gbo.ast.mithneos.spectra_2000-2021:data:marsset2022_438429_20150720_csv::1.0
P,urn:nasa:pds:gbo.ast.mithneos.spectra_2000-2021:data:marsset2022_438429_20180903_csv::1.0
P,urn:nasa:pds:gbo.ast.mithneos.spectra_2000-2021:data:marsset2022_438902_20210111_csv::1.0
P,urn:nasa:pds:gbo.ast.mithneos.spectra_2000-2021:data:marsset2022_438902_20210114_csv::1.0
P,urn:nasa:pds:gbo.ast.mithneos.spectra_2000-2021:data:marsset2022_438955_20170205_csv::1.0
P,urn:nasa:pds:gbo.ast.mithneos.spectra_2000-2021:data:marsset2022_441987_20160704_csv::1.0
P,urn:nasa:pds:gbo.ast.mithneos.spectra_2000-2021:data:marsset2022_442037_20150720_csv::1.0
P,urn:nasa:pds:gbo.ast.mithneos.spectra_2000-2021:data:marsset2022_442243_20191025_csv::1.0
P,urn:nasa:pds:gbo.ast.mithneos.spectra_2000-2021:data:marsset2022_443103_20170306_csv::1.0
P,urn:nasa:pds:gbo.ast.mithneos.spectra_2000-2021:data:marsset2022_444584_20171111_csv::1.0
P,urn:nasa:pds:gbo.ast.mithneos.spectra_2000-2021:data:marsset2022_446833_20150922_csv::1.0
P,urn:nasa:pds:gbo.ast.mithneos.spectra_2000-2021:data:marsset2022_450160_20160414_csv::1.0
P,urn:nasa:pds:gbo.ast.mithneos.spectra_2000-2021:data:marsset2022_450648_20180520_csv::1.0
P,urn:nasa:pds:gbo.ast.mithneos.spectra_2000-2021:data:marsset2022_450649_20151105_csv::1.0
P,urn:nasa:pds:gbo.ast.mithneos.spectra_2000-2021:data:marsset2022_452389_20160815_csv::1.0
P,urn:nasa:pds:gbo.ast.mithneos.spectra_2000-2021:data:marsset2022_453707_20150418_csv::1.0
P,urn:nasa:pds:gbo.ast.mithneos.spectra_2000-2021:data:marsset2022_453778_20190522_csv::1.0
P,urn:nasa:pds:gbo.ast.mithneos.spectra_2000-2021:data:marsset2022_454100_20181107_csv::1.0
P,urn:nasa:pds:gbo.ast.mithneos.spectra_2000-2021:data:marsset2022_454177_20181203_csv::1.0
P,urn:nasa:pds:gbo.ast.mithneos.spectra_2000-2021:data:marsset2022_455148_20160311_csv::1.0
P,urn:nasa:pds:gbo.ast.mithneos.spectra_2000-2021:data:marsset2022_457260_20180903_csv::1.0
P,urn:nasa:pds:gbo.ast.mithneos.spectra_2000-2021:data:marsset2022_457768_20171111_csv::1.0
P,urn:nasa:pds:gbo.ast.mithneos.spectra_2000-2021:data:marsset2022_458198_20160606_csv::1.0
P,urn:nasa:pds:gbo.ast.mithneos.spectra_2000-2021:data:marsset2022_4581_20190331_csv::1.0
P,urn:nasa:pds:gbo.ast.mithneos.spectra_2000-2021:data:marsset2022_459872_20150218_csv::1.0
P,urn:nasa:pds:gbo.ast.mithneos.spectra_2000-2021:data:marsset2022_459872_20160211_csv::1.0
P,urn:nasa:pds:gbo.ast.mithneos.spectra_2000-2021:data:marsset2022_462959_20161029_csv::1.0
P,urn:nasa:pds:gbo.ast.mithneos.spectra_2000-2021:data:marsset2022_464798_20160708_csv::1.0
P,urn:nasa:pds:gbo.ast.mithneos.spectra_2000-2021:data:marsset2022_465616_20160415_csv::1.0
P,urn:nasa:pds:gbo.ast.mithneos.spectra_2000-2021:data:marsset2022_465749_20201107_csv::1.0
P,urn:nasa:pds:gbo.ast.mithneos.spectra_2000-2021:data:marsset2022_467963_20161028_csv::1.0
P,urn:nasa:pds:gbo.ast.mithneos.spectra_2000-2021:data:marsset2022_468583_20161128_csv::1.0
P,urn:nasa:pds:gbo.ast.mithneos.spectra_2000-2021:data:marsset2022_468583_20161224_csv::1.0
P,urn:nasa:pds:gbo.ast.mithneos.spectra_2000-2021:data:marsset2022_469737_20180623_csv::1.0
P,urn:nasa:pds:gbo.ast.mithneos.spectra_2000-2021:data:marsset2022_470510_20160815_csv::1.0
P,urn:nasa:pds:gbo.ast.mithneos.spectra_2000-2021:data:marsset2022_471241_20160815_csv::1.0
P,urn:nasa:pds:gbo.ast.mithneos.spectra_2000-2021:data:marsset2022_474179_20201014_csv::1.0
P,urn:nasa:pds:gbo.ast.mithneos.spectra_2000-2021:data:marsset2022_475665_20170103_csv::1.0
P,urn:nasa:pds:gbo.ast.mithneos.spectra_2000-2021:data:marsset2022_4769_20120828_csv::1.0
P,urn:nasa:pds:gbo.ast.mithneos.spectra_2000-2021:data:marsset2022_477885_20200617_csv::1.0
P,urn:nasa:pds:gbo.ast.mithneos.spectra_2000-2021:data:marsset2022_480004_20161003_csv::1.0
P,urn:nasa:pds:gbo.ast.mithneos.spectra_2000-2021:data:marsset2022_481394_20180903_csv::1.0
P,urn:nasa:pds:gbo.ast.mithneos.spectra_2000-2021:data:marsset2022_482650_20150206_csv::1.0
P,urn:nasa:pds:gbo.ast.mithneos.spectra_2000-2021:data:marsset2022_483422_20170306_csv::1.0
P,urn:nasa:pds:gbo.ast.mithneos.spectra_2000-2021:data:marsset2022_484795_20170426_csv::1.0
P,urn:nasa:pds:gbo.ast.mithneos.spectra_2000-2021:data:marsset2022_485652_20170306_csv::1.0
P,urn:nasa:pds:gbo.ast.mithneos.spectra_2000-2021:data:marsset2022_488645_20170326_csv::1.0
P,urn:nasa:pds:gbo.ast.mithneos.spectra_2000-2021:data:marsset2022_489486_20191026_csv::1.0
P,urn:nasa:pds:gbo.ast.mithneos.spectra_2000-2021:data:marsset2022_489486_20191103_csv::1.0
P,urn:nasa:pds:gbo.ast.mithneos.spectra_2000-2021:data:marsset2022_492143_20191025_csv::1.0
P,urn:nasa:pds:gbo.ast.mithneos.spectra_2000-2021:data:marsset2022_495102_20161128_csv::1.0
P,urn:nasa:pds:gbo.ast.mithneos.spectra_2000-2021:data:marsset2022_4953_20200908_csv::1.0
P,urn:nasa:pds:gbo.ast.mithneos.spectra_2000-2021:data:marsset2022_495615_20190523_csv::1.0
P,urn:nasa:pds:gbo.ast.mithneos.spectra_2000-2021:data:marsset2022_496005_20171016_csv::1.0
P,urn:nasa:pds:gbo.ast.mithneos.spectra_2000-2021:data:marsset2022_496816_20171016_csv::1.0
P,urn:nasa:pds:gbo.ast.mithneos.spectra_2000-2021:data:marsset2022_496816_20171111_csv::1.0
P,urn:nasa:pds:gbo.ast.mithneos.spectra_2000-2021:data:marsset2022_496817_20171016_csv::1.0
P,urn:nasa:pds:gbo.ast.mithneos.spectra_2000-2021:data:marsset2022_496817_20171120_csv::1.0
P,urn:nasa:pds:gbo.ast.mithneos.spectra_2000-2021:data:marsset2022_496818_20171111_csv::1.0
P,urn:nasa:pds:gbo.ast.mithneos.spectra_2000-2021:data:marsset2022_498066_20200617_csv::1.0
P,urn:nasa:pds:gbo.ast.mithneos.spectra_2000-2021:data:marsset2022_505657_20180218_csv::1.0
P,urn:nasa:pds:gbo.ast.mithneos.spectra_2000-2021:data:marsset2022_505657_20210208_csv::1.0
P,urn:nasa:pds:gbo.ast.mithneos.spectra_2000-2021:data:marsset2022_506459_20210208_csv::1.0
P,urn:nasa:pds:gbo.ast.mithneos.spectra_2000-2021:data:marsset2022_511684_20170205_csv::1.0
P,urn:nasa:pds:gbo.ast.mithneos.spectra_2000-2021:data:marsset2022_512245_20200127_csv::1.0
P,urn:nasa:pds:gbo.ast.mithneos.spectra_2000-2021:data:marsset2022_515767_20190125_csv::1.0
P,urn:nasa:pds:gbo.ast.mithneos.spectra_2000-2021:data:marsset2022_518735_20181202_csv::1.0
P,urn:nasa:pds:gbo.ast.mithneos.spectra_2000-2021:data:marsset2022_5189_20171016_csv::1.0
P,urn:nasa:pds:gbo.ast.mithneos.spectra_2000-2021:data:marsset2022_5189_20190321_csv::1.0
P,urn:nasa:pds:gbo.ast.mithneos.spectra_2000-2021:data:marsset2022_523586_20180520_csv::1.0
P,urn:nasa:pds:gbo.ast.mithneos.spectra_2000-2021:data:marsset2022_523631_20190125_csv::1.0
P,urn:nasa:pds:gbo.ast.mithneos.spectra_2000-2021:data:marsset2022_523631_20190206_csv::1.0
P,urn:nasa:pds:gbo.ast.mithneos.spectra_2000-2021:data:marsset2022_523667_20150720_csv::1.0
P,urn:nasa:pds:gbo.ast.mithneos.spectra_2000-2021:data:marsset2022_523667_20150922_csv::1.0
P,urn:nasa:pds:gbo.ast.mithneos.spectra_2000-2021:data:marsset2022_523788_20180909_csv::1.0
P,urn:nasa:pds:gbo.ast.mithneos.spectra_2000-2021:data:marsset2022_523811_20181202_csv::1.0
P,urn:nasa:pds:gbo.ast.mithneos.spectra_2000-2021:data:marsset2022_523817_20151005_csv::1.0
P,urn:nasa:pds:gbo.ast.mithneos.spectra_2000-2021:data:marsset2022_525477_20190318_csv::1.0
P,urn:nasa:pds:gbo.ast.mithneos.spectra_2000-2021:data:marsset2022_526238_20190206_csv::1.0
P,urn:nasa:pds:gbo.ast.mithneos.spectra_2000-2021:data:marsset2022_52768_20200228_csv::1.0
P,urn:nasa:pds:gbo.ast.mithneos.spectra_2000-2021:data:marsset2022_527715_20181215_csv::1.0
P,urn:nasa:pds:gbo.ast.mithneos.spectra_2000-2021:data:marsset2022_528650_20190522_csv::1.0
P,urn:nasa:pds:gbo.ast.mithneos.spectra_2000-2021:data:marsset2022_531060_20200227_csv::1.0
P,urn:nasa:pds:gbo.ast.mithneos.spectra_2000-2021:data:marsset2022_53319_20171016_csv::1.0
P,urn:nasa:pds:gbo.ast.mithneos.spectra_2000-2021:data:marsset2022_53426_20150911_csv::1.0
P,urn:nasa:pds:gbo.ast.mithneos.spectra_2000-2021:data:marsset2022_53435_20200908_csv::1.0
P,urn:nasa:pds:gbo.ast.mithneos.spectra_2000-2021:data:marsset2022_53435_20200926_csv::1.0
P,urn:nasa:pds:gbo.ast.mithneos.spectra_2000-2021:data:marsset2022_53435_20200928_csv::1.0
P,urn:nasa:pds:gbo.ast.mithneos.spectra_2000-2021:data:marsset2022_5587_20161128_csv::1.0
P,urn:nasa:pds:gbo.ast.mithneos.spectra_2000-2021:data:marsset2022_5645_20200821_csv::1.0
P,urn:nasa:pds:gbo.ast.mithneos.spectra_2000-2021:data:marsset2022_5645_20200928_csv::1.0
P,urn:nasa:pds:gbo.ast.mithneos.spectra_2000-2021:data:marsset2022_5653_20161224_csv::1.0
P,urn:nasa:pds:gbo.ast.mithneos.spectra_2000-2021:data:marsset2022_5836_20160815_csv::1.0
P,urn:nasa:pds:gbo.ast.mithneos.spectra_2000-2021:data:marsset2022_5863_20160415_csv::1.0
P,urn:nasa:pds:gbo.ast.mithneos.spectra_2000-2021:data:marsset2022_5879_20210208_csv::1.0
P,urn:nasa:pds:gbo.ast.mithneos.spectra_2000-2021:data:marsset2022_6053_20170728_csv::1.0
P,urn:nasa:pds:gbo.ast.mithneos.spectra_2000-2021:data:marsset2022_65690_20200227_csv::1.0
P,urn:nasa:pds:gbo.ast.mithneos.spectra_2000-2021:data:marsset2022_6569_20180623_csv::1.0
P,urn:nasa:pds:gbo.ast.mithneos.spectra_2000-2021:data:marsset2022_65717_20201119_csv::1.0
P,urn:nasa:pds:gbo.ast.mithneos.spectra_2000-2021:data:marsset2022_66272_20201107_csv::1.0
P,urn:nasa:pds:gbo.ast.mithneos.spectra_2000-2021:data:marsset2022_66391_20180623_csv::1.0
P,urn:nasa:pds:gbo.ast.mithneos.spectra_2000-2021:data:marsset2022_67367_20180623_csv::1.0
P,urn:nasa:pds:gbo.ast.mithneos.spectra_2000-2021:data:marsset2022_68278_20031016_csv::1.0
P,urn:nasa:pds:gbo.ast.mithneos.spectra_2000-2021:data:marsset2022_68346_20160709_csv::1.0
P,urn:nasa:pds:gbo.ast.mithneos.spectra_2000-2021:data:marsset2022_68347_20180623_csv::1.0
P,urn:nasa:pds:gbo.ast.mithneos.spectra_2000-2021:data:marsset2022_69230_20200921_csv::1.0
P,urn:nasa:pds:gbo.ast.mithneos.spectra_2000-2021:data:marsset2022_7088_20160929_csv::1.0
P,urn:nasa:pds:gbo.ast.mithneos.spectra_2000-2021:data:marsset2022_7341_20161028_csv::1.0
P,urn:nasa:pds:gbo.ast.mithneos.spectra_2000-2021:data:marsset2022_7341_20161128_csv::1.0
P,urn:nasa:pds:gbo.ast.mithneos.spectra_2000-2021:data:marsset2022_7822_20150912_csv::1.0
P,urn:nasa:pds:gbo.ast.mithneos.spectra_2000-2021:data:marsset2022_7822_20160315_csv::1.0
P,urn:nasa:pds:gbo.ast.mithneos.spectra_2000-2021:data:marsset2022_8014_20200527_csv::1.0
P,urn:nasa:pds:gbo.ast.mithneos.spectra_2000-2021:data:marsset2022_8037_20171016_csv::1.0
P,urn:nasa:pds:gbo.ast.mithneos.spectra_2000-2021:data:marsset2022_8037_20171111_csv::1.0
P,urn:nasa:pds:gbo.ast.mithneos.spectra_2000-2021:data:marsset2022_85628_20160410_csv::1.0
P,urn:nasa:pds:gbo.ast.mithneos.spectra_2000-2021:data:marsset2022_8566_20200228_csv::1.0
P,urn:nasa:pds:gbo.ast.mithneos.spectra_2000-2021:data:marsset2022_85804_20150118_csv::1.0
P,urn:nasa:pds:gbo.ast.mithneos.spectra_2000-2021:data:marsset2022_85990_20160211_csv::1.0
P,urn:nasa:pds:gbo.ast.mithneos.spectra_2000-2021:data:marsset2022_89830_20200128_csv::1.0
P,urn:nasa:pds:gbo.ast.mithneos.spectra_2000-2021:data:marsset2022_90147_20210114_csv::1.0
P,urn:nasa:pds:gbo.ast.mithneos.spectra_2000-2021:data:marsset2022_90416_20150218_csv::1.0
P,urn:nasa:pds:gbo.ast.mithneos.spectra_2000-2021:data:marsset2022_9400_20160211_csv::1.0
P,urn:nasa:pds:gbo.ast.mithneos.spectra_2000-2021:data:marsset2022_96631_20170706_csv::1.0
P,urn:nasa:pds:gbo.ast.mithneos.spectra_2000-2021:data:marsset2022_96631_20170726_csv::1.0
P,urn:nasa:pds:gbo.ast.mithneos.spectra_2000-2021:data:marsset2022_96631_20170813_csv::1.0
P,urn:nasa:pds:gbo.ast.mithneos.spectra_2000-2021:data:marsset2022_99799_20180815_csv::1.0
P,urn:nasa:pds:gbo.ast.mithneos.spectra_2000-2021:data:marsset2022_99942_20210114_csv::1.0
P,urn:nasa:pds:gbo.ast.mithneos.spectra_2000-2021:data:marsset2022_99942_20210117_csv::1.0
P,urn:nasa:pds:gbo.ast.mithneos.spectra_2000-2021:data:observationalparameters_binzel_csv::1.0
P,urn:nasa:pds:gbo.ast.mithneos.spectra_2000-2021:data:observationalparameters_marsset_csv::1.0
